case_title,case_description,required_roles
–ú—É–ª—å—Ç–∏–º–æ–¥–∞–ª—å–Ω—ã–π –ø–æ–∏—Å–∫ –ø–æ –∏–∑–æ–±—Ä–∞–∂–µ–Ω–∏—è–º,"–ü—Ä–æ–µ–∫—Ç ""–ú—É–ª—å—Ç–∏–º–æ–¥–∞–ª—å–Ω—ã–π –ø–æ–∏—Å–∫ –ø–æ –∏–∑–æ–±—Ä–∞–∂–µ–Ω–∏—è–º"" –æ—Å–Ω–æ–≤–∞–Ω –Ω–∞ –∏—Å–ø–æ–ª—å–∑–æ–≤–∞–Ω–∏–∏ Milvus, –æ—Ç–∫—Ä—ã—Ç–æ–π –±–∞–∑—ã –¥–∞–Ω–Ω—ã—Ö –≤–µ–∫—Ç–æ—Ä–æ–≤, –¥–ª—è —Å–æ–∑–¥–∞–Ω–∏—è –ø–æ–∏—Å–∫–æ–≤–æ–π —Å–∏—Å—Ç–µ–º—ã, –∫–æ—Ç–æ—Ä–∞—è –ø–æ–∑–≤–æ–ª—è–µ—Ç –Ω–∞—Ö–æ–¥–∏—Ç—å –∏–∑–æ–±—Ä–∞–∂–µ–Ω–∏—è –ø–æ —Ç–µ–∫—Å—Ç–æ–≤—ã–º –∑–∞–ø—Ä–æ—Å–∞–º. –ü—Ä–æ—Ü–µ—Å—Å –≤–∫–ª—é—á–∞–µ—Ç –∏–∑–≤–ª–µ—á–µ–Ω–∏–µ –ø—Ä–∏–∑–Ω–∞–∫–æ–≤ –∏–∑–æ–±—Ä–∞–∂–µ–Ω–∏–π —Å –ø–æ–º–æ—â—å—é –º–æ–¥–µ–ª–∏ CLIP, –ø—Ä–µ–æ–±—Ä–∞–∑–æ–≤–∞–Ω–∏–µ –∏—Ö –≤ –≤–µ–∫—Ç–æ—Ä—ã –∏ —Å–æ—Ö—Ä–∞–Ω–µ–Ω–∏–µ –≤ –±–∞–∑–µ –¥–∞–Ω–Ω—ã—Ö Milvus. –ü—Ä–∏ –ø–æ—Å—Ç—É–ø–ª–µ–Ω–∏–∏ —Ç–µ–∫—Å—Ç–æ–≤–æ–≥–æ –∑–∞–ø—Ä–æ—Å–∞ –æ—Ç –ø–æ–ª—å–∑–æ–≤–∞—Ç–µ–ª—è, –∑–∞–ø—Ä–æ—Å —Ç–∞–∫–∂–µ –∫–æ–Ω–≤–µ—Ä—Ç–∏—Ä—É–µ—Ç—Å—è –≤ –≤–µ–∫—Ç–æ—Ä —Å –∏—Å–ø–æ–ª—å–∑–æ–≤–∞–Ω–∏–µ–º –º–æ–¥–µ–ª–∏ CLIP, –ø–æ—Å–ª–µ —á–µ–≥–æ –≤—ã–ø–æ–ª–Ω—è–µ—Ç—Å—è –ø–æ–∏—Å–∫ –ø–æ –≤–µ–∫—Ç–æ—Ä–Ω–æ–º—É —Å—Ö–æ–¥—Å—Ç–≤—É –¥–ª—è –Ω–∞—Ö–æ–∂–¥–µ–Ω–∏—è –Ω–∞–∏–±–æ–ª–µ–µ –ø–æ–¥—Ö–æ–¥—è—â–∏—Ö –∏–∑–æ–±—Ä–∞–∂–µ–Ω–∏–π.

–ü—Ä–∏–º–µ—Ä–Ω—ã–π User-Flow:
–í–≤–æ–¥ –∑–∞–ø—Ä–æ—Å–∞: –ü–æ–ª—å–∑–æ–≤–∞—Ç–µ–ª—å –≤–≤–æ–¥–∏—Ç —Ç–µ–∫—Å—Ç–æ–≤—ã–π –∑–∞–ø—Ä–æ—Å, –Ω–∞–ø—Ä–∏–º–µ—Ä, –æ–ø–∏—Å–∞–Ω–∏–µ –æ–±—ä–µ–∫—Ç–∞ –∏–ª–∏ —Å—Ü–µ–Ω—ã.
–û–±—Ä–∞–±–æ—Ç–∫–∞ –∑–∞–ø—Ä–æ—Å–∞: –°–∏—Å—Ç–µ–º–∞ –ø—Ä–µ–æ–±—Ä–∞–∑—É–µ—Ç —Ç–µ–∫—Å—Ç –∑–∞–ø—Ä–æ—Å–∞ –≤ –≤–µ–∫—Ç–æ—Ä –ø—Ä–∏–∑–Ω–∞–∫–æ–≤ —Å –ø–æ–º–æ—â—å—é –º–æ–¥–µ–ª–∏ CLIP.
–ü–æ–∏—Å–∫: –ü—Ä–æ–∏–∑–≤–æ–¥–∏—Ç—Å—è –ø–æ–∏—Å–∫ –ø–æ –±–∞–∑–µ –¥–∞–Ω–Ω—ã—Ö Milvus –¥–ª—è –Ω–∞—Ö–æ–∂–¥–µ–Ω–∏—è –Ω–∞–∏–±–æ–ª–µ–µ –ø–æ—Ö–æ–∂–∏—Ö –≤–µ–∫—Ç–æ—Ä–æ–≤ –∏–∑–æ–±—Ä–∞–∂–µ–Ω–∏–π.
–í—ã–≤–æ–¥ —Ä–µ–∑—É–ª—å—Ç–∞—Ç–æ–≤: –ü–æ–ª—å–∑–æ–≤–∞—Ç–µ–ª—é –ø—Ä–µ–¥—Å—Ç–∞–≤–ª—è—é—Ç—Å—è –∏–∑–æ–±—Ä–∞–∂–µ–Ω–∏—è, –Ω–∞–∏–±–æ–ª–µ–µ —Å–æ–æ—Ç–≤–µ—Ç—Å—Ç–≤—É—é—â–∏–µ –µ–≥–æ –∑–∞–ø—Ä–æ—Å—É.

–≠—Ç–æ—Ç –ø—Ä–æ–µ–∫—Ç –ø—Ä–µ–¥—Å—Ç–∞–≤–ª—è–µ—Ç —Å–æ–±–æ–π –∏–Ω–Ω–æ–≤–∞—Ü–∏–æ–Ω–Ω–æ–µ —Ä–µ—à–µ–Ω–∏–µ –≤ –æ–±–ª–∞—Å—Ç–∏ –ø–æ–∏—Å–∫–∞ –∏–Ω—Ñ–æ—Ä–º–∞—Ü–∏–∏, –ø–æ–∑–≤–æ–ª—è—è –ø–æ–ª—å–∑–æ–≤–∞—Ç–µ–ª—è–º –Ω–∞—Ö–æ–¥–∏—Ç—å –≤–∏–∑—É–∞–ª—å–Ω—ã–π –∫–æ–Ω—Ç–µ–Ω—Ç –ø–æ —Ç–µ–∫—Å—Ç–æ–≤—ã–º –æ–ø–∏—Å–∞–Ω–∏—è–º, —á—Ç–æ –¥–µ–ª–∞–µ—Ç –ø–æ–∏—Å–∫ –±–æ–ª–µ–µ –∏–Ω—Ç—É–∏—Ç–∏–≤–Ω–æ –ø–æ–Ω—è—Ç–Ω—ã–º –∏ —ç—Ñ—Ñ–µ–∫—Ç–∏–≤–Ω—ã–º. –î–ª—è –±–æ–ª–µ–µ –ø–æ–¥—Ä–æ–±–Ω–æ–≥–æ –æ–∑–Ω–∞–∫–æ–º–ª–µ–Ω–∏—è —Å –ø—Ä–æ–µ–∫—Ç–æ–º –∏ —Ç–µ—Ö–Ω–æ–ª–æ–≥–∏—è–º–∏, –∏—Å–ø–æ–ª—å–∑—É–µ–º—ã–º–∏ –≤ –Ω–µ–º, –≤—ã –º–æ–∂–µ—Ç–µ –ø–æ—Å–µ—Ç–∏—Ç—å –æ—Ñ–∏—Ü–∏–∞–ª—å–Ω—ã–π —Å–∞–π—Ç Milvus‚Äã‚Äã.","ML engineer, Python Backend, DevOps, CV engineer, –ê–Ω–∞–ª–∏—Ç–∏–∫"
–û–ø—Ç–∏–º–∞–ª—å–Ω–æ–µ —Ä–∞—Å–ø—Ä–µ–¥–µ–ª–µ–Ω–∏–µ –∑–∞–¥–∞—á –Ω–∞ –æ—Å–Ω–æ–≤–µ –ø—Å–∏—Ö–æ–ª–æ–≥–∏—á–µ—Å–∫–æ–≥–æ –ø—Ä–æ—Ñ–∏–ª—è –∏ –≥—Ä–∞—Ñ–∏–∫–∞ –∞–∫—Ç–∏–≤–Ω–æ—Å—Ç–∏ –∂–∏–ª—å—Ü–æ–≤ –∫–æ–º–Ω–∞—Ç—ã,"–†–µ–∑—É–ª—å—Ç–∞—Ç –ø—Ä–æ–µ–∫—Ç–∞: –ß–∞—Ç-–±–æ—Ç, —Å–ø–æ—Å–æ–±–Ω—ã–π —Ä–∞—Å–ø—Ä–µ–¥–µ–ª—è—Ç—å –∑–∞–¥–∞—á–∏ –¥–ª—è –∂–∏–ª—å—Ü–æ–≤ –∫–æ–º–Ω–∞—Ç—ã/–±–ª–æ–∫–∞ –Ω–∞ –æ—Å–Ω–æ–≤–µ –∏—Ö **–ø—Å–∏—Ö–æ–ª–æ–≥–∏—á–µ—Å–∫–æ–≥–æ** –ø–æ—Ä—Ç—Ä–µ—Ç–∞ –∏ –∏—Ö —Ä–∞—Å–ø–∏—Å–∞–Ω–∏—è.

–°–æ–∑–¥–∞–Ω–∏–µ –ø—Ä–æ—Å—Ç–æ–≥–æ –∏ —ç—Ñ—Ñ–µ–∫—Ç–∏–≤–Ω–æ–≥–æ —á–∞—Ç-–±–æ—Ç–∞ –¥–ª—è —Ä–∞—Å–ø—Ä–µ–¥–µ–ª–µ–Ω–∏—è –æ–±—è–∑–∞–Ω–Ω–æ—Å—Ç–µ–π –∂–∏–ª—å—Ü–æ–≤ –æ–¥–Ω–æ–≥–æ/–æ–¥–Ω–æ–π –±–ª–æ–∫–∞/–∫–æ–º–Ω–∞—Ç—ã","ML engineer, Python Backend, –ê–Ω–∞–ª–∏—Ç–∏–∫, –î–∏–∑–∞–π–Ω–µ—Ä, –¢–µ—Å—Ç–∏—Ä–æ–≤—â–∏–∫"
–ë–ê–ú,–û–ø—Ä–µ–¥–µ–ª–µ–Ω–∏–µ –∫–æ–Ω—Ç—É—Ä–∞ –∂–µ–ª–µ–∑–Ω–æ–∏ÃÜ –¥–æ—Ä–æ–≥–∏ –ë–ê–ú –Ω–∞ —Å–ø—É—Ç–Ω–∏–∫–æ–≤—ã—Ö —Å–Ω–∏–º–∫–∞—Ö —Å –∏—Å–ø–æ–ª—å–∑–æ–≤–∞–Ω–∏–µ–º –Ω–µ–∏ÃÜ—Ä–æ–Ω–Ω–æ–∏ÃÜ —Å–µ—Ç–∏.,"ML engineer, CV engineer, Python Backend, –¢–µ—Å—Ç–∏—Ä–æ–≤—â–∏–∫, –ê–Ω–∞–ª–∏—Ç–∏–∫"
–°–∏—Å—Ç–µ–º–∞ –∞–≤—Ç–æ–º–∞—Ç–∏—á–µ—Å–∫–æ–≥–æ –∞–Ω–∞–ª–∏–∑–∞ —ç–ª–µ–∫—Ç—Ä–æ–Ω–Ω–æ–≥–æ –¥–æ–∫—É–º–µ–Ω—Ç–∞ (PDF),"–¢—Ä–µ–±–æ–≤–∞–Ω–∏—è: –¥–ª—è –∞–Ω–∞–ª–∏–∑–∞ –≤—Ö–æ–¥—è—â–∏—Ö –Ω–µ—Ñ–æ—Ä–º–∞–∑–∏–æ–≤–∞–Ω–Ω—ã—Ö —ç–ª–µ–∫—Ç—Ä–æ–Ω–Ω—ã—Ö –¥–æ–∫—É–º–µ–Ω—Ç–æ–≤ –Ω–µ–æ–±—Ö–æ–¥–∏–º–æ —Ä–∞–∑—Ä–∞–±–æ—Ç–∞—Ç—å —Å–∏—Å—Ç–µ–º—É –∞–Ω–∞–ª–∏–∑–∞ –¥–æ–∫—É–º–µ–Ω—Ç–∞ –Ω–∞ –æ—Å–Ω–æ–≤–µ:
1. –ù–∞–ª–∏—á–∏—è –ø–µ—á–∞—Ç–∏
2. –ù–∞–ª–∏—á–∏—è –ø–æ–¥–ø–∏—Å–∏ –≤ –¥–æ–∫—É–º–µ–Ω—Ç–µ
3. –ù–∞–ª–∏—á–∏—è –ø—Ä–∏–∑–Ω–∞–∫–∞ –¥–æ–≥–æ–≤–æ—Ä–∞
4. –ù–∞–ª–∏—á–∏—è –ø—Ä–∏–∑–Ω–∞–∫–∞ –¥—Ä—É–≥–∏—Ö —Å—Ç–∞–Ω–¥–∞—Ä—Ç–Ω—ã—Ö –¥–æ–∫—É–º–µ–Ω—Ç–æ–≤ (—Å—á–µ—Ç, –Ω–∞–∫–ª–∞–¥–Ω–∞—è –∏ —Ç.–ø.)
","ML engineer, Python Backend, –¢–µ—Å—Ç–∏—Ä–æ–≤—â–∏–∫, –ê–Ω–∞–ª–∏—Ç–∏–∫, –î–∏–∑–∞–π–Ω–µ—Ä"
–ê–Ω–∞–ª–∏–∑ –Ω–æ–≤–æ—Å—Ç–µ–π –¥–ª—è –ø—Ä–µ–¥—Å–∫–∞–∑–∞–Ω–∏—è –¥–≤–∏–∂–µ–Ω–∏—è –∞–∫—Ü–∏–π –Ω–∞ —Ñ–æ–Ω–¥–æ–≤–æ–º —Ä—ã–Ω–∫–µ,"#### –¶–µ–ª—å –ü—Ä–æ–µ–∫—Ç–∞

–†–∞–∑—Ä–∞–±–æ—Ç–∞—Ç—å —Å–∏—Å—Ç–µ–º—É –∞–Ω–∞–ª–∏–∑–∞ –∏ –ø—Ä–µ–¥—Å–∫–∞–∑–∞–Ω–∏—è –¥–≤–∏–∂–µ–Ω–∏—è –∞–∫—Ü–∏–π –∫–æ–º–ø–∞–Ω–∏–π –Ω–∞ —Ñ–æ–Ω–¥–æ–≤–æ–º —Ä—ã–Ω–∫–µ –Ω–∞ –æ—Å–Ω–æ–≤–µ –∞–Ω–∞–ª–∏–∑–∞ –Ω–æ–≤–æ—Å—Ç–µ–π –∏–∑ –°–ú–ò –∏ —Ç–µ–ª–µ–≥—Ä–∞–º-–∫–∞–Ω–∞–ª–æ–≤. –ü—Ä–æ–µ–∫—Ç –Ω–∞–ø—Ä–∞–≤–ª–µ–Ω –Ω–∞ –∏–∑—É—á–µ–Ω–∏–µ –≤–∑–∞–∏–º–æ—Å–≤—è–∑–∏ –º–µ–∂–¥—É –Ω–æ–≤–æ—Å—Ç–Ω—ã–º –∫–æ–Ω—Ç–µ–Ω—Ç–æ–º –∏ –ø–æ–≤–µ–¥–µ–Ω–∏–µ–º –∞–∫—Ü–∏–π, –∞ —Ç–∞–∫–∂–µ —Ä–∞–∑—Ä–∞–±–æ—Ç–∫—É –º–æ–¥–µ–ª–∏ –º–∞—à–∏–Ω–Ω–æ–≥–æ –æ–±—É—á–µ–Ω–∏—è, —Å–ø–æ—Å–æ–±–Ω–æ–π –ø—Ä–µ–¥—Å–∫–∞–∑—ã–≤–∞—Ç—å –∏–∑–º–µ–Ω–µ–Ω–∏—è –≤ —Ü–µ–Ω–µ –∞–∫—Ü–∏–π –Ω–∞ –æ—Å–Ω–æ–≤–µ –∞–Ω–∞–ª–∏–∑–∞ –ø–æ–ª—É—á–µ–Ω–Ω—ã—Ö –¥–∞–Ω–Ω—ã—Ö.

**–û—Å–Ω–æ–≤–Ω—ã–µ –∑–∞–¥–∞—á–∏**

1. *–°–±–æ—Ä –∏ –ø—Ä–µ–¥–æ–±—Ä–∞–±–æ—Ç–∫–∞ –¥–∞–Ω–Ω—ã—Ö:*

- –ê–≤—Ç–æ–º–∞—Ç–∏–∑–∏—Ä–æ–≤–∞—Ç—å –ø—Ä–æ—Ü–µ—Å—Å —Å–±–æ—Ä–∞ –Ω–æ–≤–æ—Å—Ç–µ–π –∏–∑ —Ä–∞–∑–ª–∏—á–Ω—ã—Ö –°–ú–ò –∏ —Ç–µ–ª–µ–≥—Ä–∞–º-–∫–∞–Ω–∞–ª–æ–≤, —Å–≤—è–∑–∞–Ω–Ω—ã—Ö —Å —Ñ–∏–Ω–∞–Ω—Å–æ–≤—ã–º —Ä—ã–Ω–∫–æ–º –∏ –∫–æ–Ω–∫—Ä–µ—Ç–Ω—ã–º–∏ –∫–æ–º–ø–∞–Ω–∏—è–º–∏.
- –û—á–∏—Å—Ç–∏—Ç—å –¥–∞–Ω–Ω—ã–µ –æ—Ç —à—É–º–∞, –Ω–µ—Å—É—â–µ—Å—Ç–≤–µ–Ω–Ω–æ–π –∏–Ω—Ñ–æ—Ä–º–∞—Ü–∏–∏ –∏ –ø—Ä–µ–¥–æ–±—Ä–∞–±–æ—Ç–∞—Ç—å —Ç–µ–∫—Å—Ç –¥–ª—è –∞–Ω–∞–ª–∏–∑–∞ (—É–¥–∞–ª–µ–Ω–∏–µ —Å—Ç–æ–ø-—Å–ª–æ–≤, –ª–µ–º–º–∞—Ç–∏–∑–∞—Ü–∏—è).

2. *–ê–Ω–∞–ª–∏–∑ —Å–µ–Ω—Ç–∏–º–µ–Ω—Ç–∞:*

- –†–∞–∑—Ä–∞–±–æ—Ç–∞—Ç—å –∏–ª–∏ –∏–Ω—Ç–µ–≥—Ä–∏—Ä–æ–≤–∞—Ç—å —Å—É—â–µ—Å—Ç–≤—É—é—â–∏–µ –∏–Ω—Å—Ç—Ä—É–º–µ–Ω—Ç—ã –¥–ª—è –∞–Ω–∞–ª–∏–∑–∞ —Å–µ–Ω—Ç–∏–º–µ–Ω—Ç–∞ –Ω–æ–≤–æ—Å—Ç–µ–π, —á—Ç–æ–±—ã –æ—Ü–µ–Ω–∏—Ç—å –æ–±—â–µ–µ –æ—Ç–Ω–æ—à–µ–Ω–∏–µ (–ø–æ–∑–∏—Ç–∏–≤–Ω–æ–µ, –Ω–µ–π—Ç—Ä–∞–ª—å–Ω–æ–µ, –Ω–µ–≥–∞—Ç–∏–≤–Ω–æ–µ) –∫ —É–ø–æ–º—è–Ω—É—Ç–æ–π –∫–æ–º–ø–∞–Ω–∏–∏.

3. *–ö–æ—Ä—Ä–µ–ª—è—Ü–∏–æ–Ω–Ω—ã–π –∞–Ω–∞–ª–∏–∑:*

- –ò—Å—Å–ª–µ–¥–æ–≤–∞—Ç—å –∫–æ—Ä—Ä–µ–ª—è—Ü–∏—é –º–µ–∂–¥—É –∏–∑–º–µ–Ω–µ–Ω–∏—è–º–∏ –≤ —Å–µ–Ω—Ç–∏–º–µ–Ω—Ç–µ –Ω–æ–≤–æ—Å—Ç–µ–π –∏ –¥–≤–∏–∂–µ–Ω–∏—è–º–∏ —Ü–µ–Ω –∞–∫—Ü–∏–π –∫–æ–º–ø–∞–Ω–∏–π.

4. *–†–∞–∑—Ä–∞–±–æ—Ç–∫–∞ –º–æ–¥–µ–ª–∏ –ø—Ä–µ–¥—Å–∫–∞–∑–∞–Ω–∏—è:*

- –ù–∞ –æ—Å–Ω–æ–≤–µ –ø–æ–ª—É—á–µ–Ω–Ω—ã—Ö –¥–∞–Ω–Ω—ã—Ö —Ä–∞–∑—Ä–∞–±–æ—Ç–∞—Ç—å –º–æ–¥–µ–ª—å –º–∞—à–∏–Ω–Ω–æ–≥–æ –æ–±—É—á–µ–Ω–∏—è, –∫–æ—Ç–æ—Ä–∞—è —Å–º–æ–∂–µ—Ç –ø—Ä–µ–¥—Å–∫–∞–∑—ã–≤–∞—Ç—å –¥–≤–∏–∂–µ–Ω–∏–µ –∞–∫—Ü–∏–π –Ω–∞ –∫–æ—Ä–æ—Ç–∫–∏–π —Å—Ä–æ–∫.

5. *–¢–µ—Å—Ç–∏—Ä–æ–≤–∞–Ω–∏–µ –∏ –≤–∞–ª–∏–¥–∞—Ü–∏—è:*

- –ü—Ä–æ–≤–µ—Å—Ç–∏ –æ–±—à–∏—Ä–Ω–æ–µ —Ç–µ—Å—Ç–∏—Ä–æ–≤–∞–Ω–∏–µ –º–æ–¥–µ–ª–∏ –Ω–∞ –∏—Å—Ç–æ—Ä–∏—á–µ—Å–∫–∏—Ö –¥–∞–Ω–Ω—ã—Ö, –∞–Ω–∞–ª–∏–∑–∏—Ä–æ–≤–∞—Ç—å –æ—à–∏–±–∫–∏ –∏ —Ç–æ—á–Ω–æ—Å—Ç—å –ø—Ä–µ–¥—Å–∫–∞–∑–∞–Ω–∏–π.
- –í–∞–ª–∏–¥–∏—Ä–æ–≤–∞—Ç—å –º–æ–¥–µ–ª—å, –∏—Å–ø–æ–ª—å–∑—É—è —Å–≤–µ–∂–∏–µ –¥–∞–Ω–Ω—ã–µ, —á—Ç–æ–±—ã –ø—Ä–æ–≤–µ—Ä–∏—Ç—å –µ—ë —Å–ø–æ—Å–æ–±–Ω–æ—Å—Ç—å –∫ –∞–¥–∞–ø—Ç–∞—Ü–∏–∏ –∫ —Ç–µ–∫—É—â–µ–º—É —Ä—ã–Ω–æ—á–Ω–æ–º—É –∫–æ–Ω—Ç–µ–∫—Å—Ç—É.

#### –¢–µ—Ö–Ω–∏—á–µ—Å–∫–∏–µ –ò–Ω—Å—Ç—Ä—É–º–µ–Ω—Ç—ã

- *–°–±–æ—Ä –¥–∞–Ω–Ω—ã—Ö*: Python (–±–∏–±–ª–∏–æ—Ç–µ–∫–∏ requests, BeautifulSoup –¥–ª—è –≤–µ–±-—Å–∫—Ä–∞–ø–∏–Ω–≥–∞).
- *–ü—Ä–µ–¥–æ–±—Ä–∞–±–æ—Ç–∫–∞ –∏ –∞–Ω–∞–ª–∏–∑ –¥–∞–Ω–Ω—ã—Ö*: Python (NLTK, spaCy –¥–ª—è –æ–±—Ä–∞–±–æ—Ç–∫–∏ —Ç–µ–∫—Å—Ç–∞; pandas –¥–ª—è –æ–±—Ä–∞–±–æ—Ç–∫–∏ –¥–∞–Ω–Ω—ã—Ö).
- *–ú–æ–¥–µ–ª–∏—Ä–æ–≤–∞–Ω–∏–µ:* Python (–±–∏–±–ª–∏–æ—Ç–µ–∫–∏ Scikit-learn, TensorFlow –∏–ª–∏ PyTorch –¥–ª—è —Ä–∞–∑—Ä–∞–±–æ—Ç–∫–∏ –º–æ–¥–µ–ª–µ–π –º–∞—à–∏–Ω–Ω–æ–≥–æ –æ–±—É—á–µ–Ω–∏—è).
- *–í–∏–∑—É–∞–ª–∏–∑–∞—Ü–∏—è*: Python (Matplotlib, Seaborn –¥–ª—è –≤–∏–∑—É–∞–ª–∏–∑–∞—Ü–∏–∏ —Ä–µ–∑—É–ª—å—Ç–∞—Ç–æ–≤).

#### –û–∂–∏–¥–∞–µ–º—ã–µ –†–µ–∑—É–ª—å—Ç–∞—Ç—ã

- –†–∞–∑—Ä–∞–±–æ—Ç–∞–Ω–Ω–∞—è —Å–∏—Å—Ç–µ–º–∞ —Å–ø–æ—Å–æ–±–Ω–∞ –∞–Ω–∞–ª–∏–∑–∏—Ä–æ–≤–∞—Ç—å –Ω–æ–≤–æ—Å—Ç–Ω—ã–µ –¥–∞–Ω–Ω—ã–µ –∏ –Ω–∞ –∏—Ö –æ—Å–Ω–æ–≤–µ –¥–µ–ª–∞—Ç—å –ø—Ä–µ–¥—Å–∫–∞–∑–∞–Ω–∏—è –æ—Ç–Ω–æ—Å–∏—Ç–µ–ª—å–Ω–æ –¥–≤–∏–∂–µ–Ω–∏—è –∞–∫—Ü–∏–π –Ω–∞ —Ñ–æ–Ω–¥–æ–≤–æ–º —Ä—ã–Ω–∫–µ.
- –ü–æ–¥—Ä–æ–±–Ω—ã–π –∞–Ω–∞–ª–∏–∑ —Ç–æ—á–Ω–æ—Å—Ç–∏ –∏ –Ω–∞–¥—ë–∂–Ω–æ—Å—Ç–∏ –º–æ–¥–µ–ª–∏, –≤–∫–ª—é—á–∞—è –µ—ë —Å–ø–æ—Å–æ–±–Ω–æ—Å—Ç—å –∞–¥–∞–ø—Ç–∏—Ä–æ–≤–∞—Ç—å—Å—è –∫ –∏–∑–º–µ–Ω—è—é—â–∏–º—Å—è —Ä—ã–Ω–æ—á–Ω—ã–º —É—Å–ª–æ–≤–∏—è–º.
- –†–µ–∫–æ–º–µ–Ω–¥–∞—Ü–∏–∏ –ø–æ –¥–∞–ª—å–Ω–µ–π—à–µ–º—É —É–ª—É—á—à–µ–Ω–∏—é –∏ –º–∞—Å—à—Ç–∞–±–∏—Ä–æ–≤–∞–Ω–∏—é —Å–∏—Å—Ç–µ–º—ã.

#### –ó–Ω–∞—á–µ–Ω–∏–µ –ü—Ä–æ–µ–∫—Ç–∞

–ü—Ä–æ–µ–∫—Ç –ø–æ–∑–≤–æ–ª–∏—Ç –≥–ª—É–±–∂–µ –ø–æ–Ω—è—Ç—å –≤–ª–∏—è–Ω–∏–µ –ø—É–±–ª–∏—á–Ω–æ–≥–æ –Ω–∞—Å—Ç—Ä–æ–µ–Ω–∏—è, –æ—Ç—Ä–∞–∂—ë–Ω–Ω–æ–≥–æ –≤ –°–ú–ò –∏ —Ç–µ–ª–µ–≥—Ä–∞–º-–∫–∞–Ω–∞–ª–∞—Ö, –Ω–∞ —Ñ–æ–Ω–¥–æ–≤—ã–π —Ä—ã–Ω–æ–∫. –†–µ–∑—É–ª—å—Ç–∞—Ç—ã –º–æ–≥—É—Ç –±—ã—Ç—å –∏—Å–ø–æ–ª—å–∑–æ–≤–∞–Ω—ã –¥–ª—è —Ä–∞–∑—Ä–∞–±–æ—Ç–∫–∏ —Ç–æ—Ä–≥–æ–≤—ã—Ö —Å—Ç—Ä–∞—Ç–µ–≥–∏–π, —É–ª—É—á—à–µ–Ω–∏—è –∏–Ω–≤–µ—Å—Ç–∏—Ü–∏–æ–Ω–Ω–æ–≥–æ –∞–Ω–∞–ª–∏–∑–∞ –∏ –ø—Ä–µ–¥–æ—Å—Ç–∞–≤–ª–µ–Ω–∏—è —Ü–µ–Ω–Ω—ã—Ö –∏–Ω—Å–∞–π—Ç–æ–≤ –∏–Ω–≤–µ—Å—Ç–æ—Ä–∞–º –∏ –∞–Ω–∞–ª–∏—Ç–∏–∫–∞–º.","ML engineer, Python Backend, –ê–Ω–∞–ª–∏—Ç–∏–∫, –î–∏–∑–∞–π–Ω–µ—Ä, –¢–µ—Å—Ç–∏—Ä–æ–≤—â–∏–∫"
–í–∞–ª–∏–¥–∞—Ü–∏—è –ø–∞–Ω–µ–ª—å–Ω—ã—Ö –∏ –≤–∏—Ö—Ä–µ–≤—ã—Ö –º–µ—Ç–æ–¥–æ–≤ –¥–ª—è —Ä–∞—Å—á–µ—Ç–æ–≤ –∞—ç—Ä–æ–¥–∏–Ω–∞–º–∏—á–µ—Å–∫–∏—Ö –ø—Ä–æ—Ñ–∏–ª–µ–π –∏ –∫—Ä—ã–ª—å–µ–≤ –õ–ê,"**–°—É—Ç—å –∑–∞–¥–∞—á–∏:** –æ—Ü–µ–Ω–∏—Ç—å –ø—Ä–∏–º–µ–Ω–∏–º–æ—Å—Ç—å –ø–∞–Ω–µ–ª—å–Ω—ã—Ö –º–µ—Ç–æ–¥–æ–≤ –¥–ª—è –ø—Ä–æ–≥–Ω–æ–∑–∏—Ä–æ–≤–∞–Ω–∏—è –∞—ç—Ä–æ–¥–∏–Ω–∞–º–∏—á–µ—Å–∫–∏—Ö –∏–Ω—Ç–µ–≥—Ä–∞–ª—å–Ω—ã—Ö —Å–∏–ª –ø—Ä–∏ —Ä–∞—Å—á–µ—Ç–∞—Ö –∞—ç—Ä–æ–¥–∏–Ω–∞–º–∏—á–µ—Å–∫–∏—Ö –ø—Ä–æ—Ñ–∏–ª–µ–π (2D) –∏ –∫—Ä—ã–ª—å–µ–≤ –õ–ê (3D).

**–ó–∞–¥–∞–Ω–∏–µ:**

1.	–ü—Ä–æ–≤–µ—Å—Ç–∏ –æ–±–∑–æ—Ä –∏–º–µ—é—â–∏—Ö—Å—è –º–µ—Ç–æ–¥–æ–≤ —Ä–∞—Å—á–µ—Ç–æ–≤ (–ø–∞–Ω–µ–ª—å–Ω—ã–µ –º–µ—Ç–æ–¥—ã, –≤–∏—Ö—Ä–µ–≤—ã–µ –º–µ—Ç–æ–¥–∏–∫–∏, –º–µ—Ç–æ–¥—ã –ø–æ–ª–Ω–æ–≥–æ –ø–æ—Ç–µ–Ω—Ü–∏–∞–ª–∞ –∏ —Ç.–¥.) –∏ –∏–º–µ—é—â–∏—Ö—Å—è —Ä–∞—Å—á–µ—Ç–Ω—ã—Ö —Å—Ä–µ–¥—Å—Ç–≤
2.	–í–∞–ª–∏–¥–∏—Ä–æ–≤–∞—Ç—å —Ä–∞—Å—á–µ—Ç–Ω—ã–µ —Å—Ä–µ–¥—Å—Ç–≤–∞ –ø—É—Ç–µ–º —Å—Ä–∞–≤–Ω–µ–Ω–∏—è —Ä–µ–∑—É–ª—å—Ç–∞—Ç–æ–≤ —Ä–∞—Å—á–µ—Ç–æ–≤ —É–ø—Ä–æ—â–µ–Ω–Ω—ã–º–∏ –º–µ—Ç–æ–¥–∞–º–∏ –∏ –º–µ—Ç–æ–¥–æ–º CFD (Ansys Fluent –∏–ª–∏ –∞–Ω–∞–ª–æ–≥–∏)
3.	–ü—Ä–æ–∏–∑–≤–µ—Å—Ç–∏ –≤–∞–ª–∏–¥–∞—Ü–∏—é XFoil –¥–ª—è —Ä–∞—Å—á–µ—Ç–æ–≤ —Ö–∞—Ä–∞–∫—Ç–µ—Ä–∏—Å—Ç–∏–∫ –∞—ç—Ä–æ–¥–∏–Ω–∞–º–∏—á–µ—Å–∫–∏—Ö –ø—Ä–æ—Ñ–∏–ª–µ–π (2D) —Ä–∞–∑–Ω—ã—Ö –∫–ª–∞—Å—Å–æ–≤ (—Å–∏–º–º–µ—Ç—Ä–∏—á–Ω—ã–µ, –Ω–µ—Å–∏–º–º–µ—Ç—Ä–∏—á–Ω—ã–µ, —Å—É–ø–µ—Ä–∫—Ä–∏—Ç–∏—á–µ—Å–∫–∏–µ - –ø–æ —É–∫–∞–∑–∞–Ω–∏—é —Ä—É–∫–æ–≤–æ–¥–∏—Ç–µ–ª—è –ø—Ä–∞–∫—Ç–∏–∫–∏)
4.	–ü—Ä–æ–∏–∑–≤–µ—Å—Ç–∏ –≤–∞–ª–∏–¥–∞—Ü–∏—é XFLR5, AVL, OpenVogel –¥–ª—è —Ä–∞—Å—á–µ—Ç–æ–≤ –∞—ç—Ä–æ–¥–∏–Ω–∞–º–∏—á–µ—Å–∫–∏—Ö —Ö–∞—Ä–∞–∫—Ç–µ—Ä–∏—Å—Ç–∏–∫ –∫—Ä—ã–ª—å–µ–≤ (3D)
","–ê–Ω–∞–ª–∏—Ç–∏–∫, –ò–Ω–∂–µ–Ω–µ—Ä –ë–ü–õ–ê, ML engineer, Python Backend, –¢–µ—Å—Ç–∏—Ä–æ–≤—â–∏–∫"
–°–∏—Å—Ç–µ–º–∞ –ø—Ä–æ–≥–Ω–æ–∑–∏—Ä–æ–≤–∞–Ω–∏—è –∏—Å–ø–æ–ª—å–∑–æ–≤–∞–Ω–∏—è —Å–∫–ª–∞–¥—Å–∫–∏—Ö –º–æ—â–Ω–æ—Å—Ç–µ–π,"–¢—Ä–µ–±–æ–≤–∞–Ω–∏—è:
–ù–∞ –æ—Å–Ω–æ–≤–µ –∏–º–µ—é—â–∏—Ö—Å—è —Å—Ç–∞—Ç–∏—Å—Ç–∏—á–µ—Å–∫–∏—Ö –¥–∞–Ω–Ω—ã—Ö –∑–∞–≥—Ä—É–∑–∫–∏ —Å–∫–ª–∞–¥–æ–≤ –ø—Ä–æ–≤–µ—Å—Ç–∏ –∞–Ω–∞–ª–∏—Ç–∏–∫—É –∏ –≤—ã–±–µ–ª–∏—Ç—å –∑–∞–≤–∏—Å–∏–º–æ—Å—Ç–∏ –≤ –¥–∞–Ω–Ω—ã—Ö –¥–ª—è –ø—Ä–æ–≥–Ω–æ–∑–∏—Ä–æ–≤–∞–Ω–∏—è —Ä–µ–∑–µ—Ä–≤–∏—Ä–æ–≤–∞–Ω–∏—è —Å–∫–ª–∞–¥—Å–∫–∏—Ö –º–æ—â–Ω–æ—Å—Ç–µ–π –≤ –±—É–¥—É—â–µ–º. 
–î–∞—Ç–∞—Å–µ—Ç –ø—Ä–µ–¥–æ—Å—Ç–∞–≤–ª—è–µ—Ç—Å—è.","–ê–Ω–∞–ª–∏—Ç–∏–∫, ML engineer, Python Backend, DevOps, –¢–µ—Å—Ç–∏—Ä–æ–≤—â–∏–∫"
–õ–µ–¥–æ–≤–∞—è —Ä–∞–∑–≤–µ–¥–∫–∞,–ú–æ–Ω–∏—Ç–æ—Ä–∏–Ω–≥ –ª–µ–¥–Ω–∏–∫–æ–≤ –∏ –ª–µ–¥–æ–≤–∞—è —Ä–∞–∑–≤–µ–¥–∫–∞ –≤ –ë–∞—Ä–µ–Ω—Ü–µ–≤–æ–º –º–æ—Ä–µ –º–µ—Ç–æ–¥–∞–º–∏ –º–∞—à–∏–Ω–Ω–æ–≥–æ –æ–±—É—á–µ–Ω–∏—è –ø–æ –¥–∞–Ω–Ω—ã–º –î–ó–ó ,"ML engineer, Python Backend, –ê–Ω–∞–ª–∏—Ç–∏–∫, CV engineer, –î–∏–∑–∞–π–Ω–µ—Ä"
–†–µ–∫–ª–∞–º–Ω–∞—è –∫–∞–º–ø–∞–Ω–∏—è –ø–æ –ø—Ä–æ–¥–≤–∏–∂–µ–Ω–∏—é,"–†–∞–∑—Ä–∞–±–æ—Ç–∞—Ç—å –º–∞—Ä–∫–µ—Ç–∏–Ω–≥–æ–≤—ã–π —Å–ø–µ—Ü–ø—Ä–æ–µ–∫—Ç —Å —Å–∏—Å—Ç–µ–º–æ–π –ø–µ—Ä—Å–æ–Ω–∞–ª—å–Ω—ã—Ö —Ä–µ–∫–æ–º–µ–Ω–¥–∞—Ü–∏–π –ø–æ —Å–æ—Å—Ç–∞–≤–ª–µ–Ω–∏—é –≥–∞—Ä–¥–µ—Ä–æ–±–∞ –¥–ª—è –ø—Ä–∏–≤–ª–µ—á–µ–Ω–∏—è –∂–µ–Ω—Å–∫–æ–π –∞—É–¥–∏—Ç–æ—Ä–∏–∏ –Ω–∞ –û–∑–æ–Ω 

üîπ–ü—Ä–æ–≤–µ—Å—Ç–∏ –∏—Å—Å–ª–µ–¥–æ–≤–∞–Ω–∏–µ —Ä—ã–Ω–∫–∞ –∏ –ø—Ä–æ–∞–Ω–∞–ª–∏–∑–∏—Ä–æ–≤–∞—Ç—å –∫–æ–Ω–∫—É—Ä–µ–Ω—Ç–æ–≤ 

–ó–∞–¥–∞—á—É –º–æ–∂–Ω–æ —Ä–µ—à–∏—Ç—å —Ä–∞–∑–Ω—ã–º–∏ —Å–ø–æ—Å–æ–±–∞–º–∏:

‚úÖ—Å–¥–µ–ª–∞—Ç—å —á–∞—Ç-–±–æ—Ç

‚úÖ–≤–Ω–µ–¥—Ä–∏—Ç—å –º–µ—Ö–∞–Ω–∏–∫—É –≤ —Å–∞–π—Ç (–∞ —ç—Ç–æ –∑–Ω–∞—á–∏—Ç , –ø—Ä–∏–¥—É–º–∞—Ç—å —Å–≤–æ–π –∞–ª–≥–æ—Ä–∏—Ç–º)

‚úÖ–∏–ª–∏ –≤–æ–æ–±—â–µ —Å–¥–µ–ª–∞—Ç—å –∫–æ–Ω—Å—É–ª—å—Ç–∞—Ü–∏—é —Å –±–ª–æ–≥–µ—Ä–æ–º 

–ò –∫–∞–∫ —Ä–µ–∑—É–ª—å—Ç–∞—Ç: –ø—Ä–µ–¥–æ—Å—Ç–∞–≤–∏—Ç—å –ø—Ä–æ—Ç–æ—Ç–∏–ø —Å–≤–æ–µ–≥–æ —Ä–µ—à–µ–Ω–∏—è (–≤ —Ñ–∏–≥–º–µ/—Ç–∏–ª—å–¥–µ/—Å–æ–±—Ä–∞—Ç—å —Å–∞–π—Ç/—Å–¥–µ–ª–∞—Ç—å —á–∞—Ç –±–æ—Ç ). 
","–î–∏–∑–∞–π–Ω–µ—Ä, –ê–Ω–∞–ª–∏—Ç–∏–∫, Frontend, ML engineer, Python Backend"
–ö–ª–∞—Å—Å–∏—Ñ–∏–∫–∞—Ü–∏—è –ø–∞—Ç–æ–ª–æ–≥–∏–π –≤ –æ—Ñ—Ç–∞–ª—å–º–æ–ª–æ–≥–∏–∏ –º–µ—Ç–æ–¥–æ–º –º–∞—à–∏–Ω–Ω–æ–≥–æ –æ–±—É—á–µ–Ω–∏—è,"–†–µ–∑—É–ª—å—Ç–∞—Ç–æ–º —Ä–∞–±–æ—Ç—ã –ø—Ä–µ–¥–ø–æ–ª–∞–≥–∞–µ—Ç—Å—è —Å–∏—Å—Ç–µ–º–∞ –∞–Ω–∞–ª–∏–∑–∞ –∏ –≤—ã—è–≤–ª–µ–Ω–∏—è –≥–ª–∞—É–∫–æ–º—ã –ø–æ –∏–∑–æ–±—Ä–∞–∂–µ–Ω–∏—è–º –≥–ª–∞–∑–Ω–æ–≥–æ –¥–Ω–∞, –ø–æ–∑–≤–æ–ª—è—é—â–∞—è —Å–Ω–∏–∑–∏—Ç—å –≤—Ä–µ–º–µ–Ω–Ω—ã–µ –∑–∞—Ç—Ä–∞—Ç—ã –Ω–∞ –æ–±—Å–ª–µ–¥–æ–≤–∞–Ω–∏–µ –∏ –≤–µ—Ä–æ—è—Ç–Ω–æ—Å—Ç—å –≤—Ä–∞—á–µ–±–Ω–æ–π –æ—à–∏–±–∫–∏.

–û–ø—Ü–∏–æ–Ω–∞–ª—å–Ω–æ –ø–ª–∞–Ω–∏—Ä—É–µ—Ç—Å—è –¥–æ–±–∞–≤–∏—Ç—å —Ç–µ–∫—Å—Ç–æ–≤—É—é –∏–Ω—Ç–µ—Ä–ø—Ä–µ—Ç–∞—Ü–∏—é –∏–∑–æ–±—Ä–∞–∂–µ–Ω–∏–π –∏ –≥–ª–∞–∑–Ω–æ–≥–æ –¥–Ω–∞ –∏ —É–≤–µ–ª–∏—á–∏—Ç—å –∫–æ–ª–∏—á–µ—Å—Ç–≤–æ –≤—ã—è–≤–ª—è–µ–º—ã—Ö –ø–∞—Ç–æ–ª–æ–≥–∏–π.

*–ü—Ä–µ–¥–ø–æ–ª–∞–≥–∞–µ–º–∞—è —Ü–µ–ª–µ–≤–∞—è –∞—É–¥–∏—Ç–æ—Ä–∏—è:* 

- [ ] –í—Ä–∞—á–∏-–æ—Ñ—Ç–∞–ª—å–º–æ–ª–æ–≥–∏, —Ä–∞–±–æ—Ç–∞—é—â–∏–µ –≤ –≥–æ—Å—É–¥–∞—Ä—Å—Ç–≤–µ–Ω–Ω—ã—Ö –∏ —á–∞—Å—Ç–Ω—ã—Ö –º–µ–¥–∏—Ü–∏–Ω—Å–∫–∏—Ö —É—á—Ä–µ–∂–¥–µ–Ω–∏—è—Ö, –∫–æ—Ç–æ—Ä—ã–µ –º–æ–≥—É—Ç –∏—Å–ø–æ–ª—å–∑–æ–≤–∞—Ç—å —Ä–µ–∑—É–ª—å—Ç–∞—Ç—ã –∞–Ω–∞–ª–∏–∑–∞ –¥–ª—è –¥–∏–∞–≥–Ω–æ—Å—Ç–∏–∫–∏ –∏ –ª–µ—á–µ–Ω–∏—è –ø–∞—Ü–∏–µ–Ω—Ç–æ–≤. 
- [ ] –ú–µ–¥–∏—Ü–∏–Ω—Å–∫–∏–µ –∏—Å—Å–ª–µ–¥–æ–≤–∞—Ç–µ–ª—å—Å–∫–∏–µ —Ü–µ–Ω—Ç—Ä—ã –∏ –∏–Ω—Å—Ç–∏—Ç—É—Ç—ã, –∑–∞–Ω–∏–º–∞—é—â–∏–µ—Å—è –∏–∑—É—á–µ–Ω–∏–µ–º –∏ —Ä–∞–∑—Ä–∞–±–æ—Ç–∫–æ–π –Ω–æ–≤—ã—Ö –º–µ—Ç–æ–¥–æ–≤ –ª–µ—á–µ–Ω–∏—è –∑–∞–±–æ–ª–µ–≤–∞–Ω–∏–π –≥–ª–∞–∑–Ω–æ–≥–æ –¥–Ω–∞. 
- [ ] –§–∞—Ä–º–∞—Ü–µ–≤—Ç–∏—á–µ—Å–∫–∏–µ –∫–æ–º–ø–∞–Ω–∏–∏, –ø—Ä–æ–∏–∑–≤–æ–¥—è—â–∏–µ –ø—Ä–µ–ø–∞—Ä–∞—Ç—ã –¥–ª—è –ª–µ—á–µ–Ω–∏—è –∑–∞–±–æ–ª–µ–≤–∞–Ω–∏–π –≥–ª–∞–∑, –∫–æ—Ç–æ—Ä—ã–µ –º–æ–≥—É—Ç –∏—Å–ø–æ–ª—å–∑–æ–≤–∞—Ç—å –ø–æ–ª—É—á–µ–Ω–Ω—ã–µ –¥–∞–Ω–Ω—ã–µ –¥–ª—è —Ä–∞–∑—Ä–∞–±–æ—Ç–∫–∏ –Ω–æ–≤—ã—Ö –ª–µ–∫–∞—Ä—Å—Ç–≤ –∏ —É–ª—É—á—à–µ–Ω–∏—è —Å—É—â–µ—Å—Ç–≤—É—é—â–∏—Ö.","ML engineer, Python Backend, –ê–Ω–∞–ª–∏—Ç–∏–∫, –î–∏–∑–∞–π–Ω–µ—Ä, –¢–µ—Å—Ç–∏—Ä–æ–≤—â–∏–∫"
–ê–Ω–∞–ª–∏–∑ —Å–æ–æ—Å–Ω–æ—Å—Ç–∏ –∫–æ–ª–æ–Ω–Ω –≤ —Å—Ç—Ä–æ–∏—Ç–µ–ª—å—Å—Ç–≤–µ –º–µ—Ç–æ–¥–∞–º–∏ –º–∞—à–∏–Ω–Ω–æ–≥–æ –æ–±—É—á–µ–Ω–∏—è,"–ö–æ–Ω—Ç—Ä–æ–ª—å –∫–∞—á–µ—Å—Ç–≤–∞ –ø–æ–≤–µ—Ä—Ö–Ω–æ—Å—Ç–∏ –±–µ—Ç–æ–Ω–∞, –∑–∞–∫–ª—é—á–∞—é—â–∏–π—Å—è –≤ –≤—ã—è–≤–ª–µ–Ω–∏–∏ –ø–æ–≤–µ—Ä—Ö–Ω–æ—Å—Ç–Ω—ã—Ö –¥–µ—Ñ–µ–∫—Ç–æ–≤ –±–µ—Ç–æ–Ω–∞, –æ—Ü–µ–Ω–∫–∏ –∏—Ö –≤–ª–∏—è–Ω–∏—è –Ω–∞ –Ω–µ—Å—É—â—É—é —Å–ø–æ—Å–æ–±–Ω–æ—Å—Ç—å, –≤ –ø–µ—Ä–≤—É—é –æ—á–µ—Ä–µ–¥—å –ø–æ –ø–∞—Ä–∞–º–µ—Ç—Ä—É - –∫–æ–ª–∏—á–µ—Å—Ç–≤–æ –¥–µ—Ñ–µ–∫—Ç–æ–≤ –Ω–∞ –∫–≤–∞–¥—Ä–∞—Ç–Ω—ã–π –º–µ—Ç—Ä). –î–∞–Ω–Ω–∞—è —Ç–µ—Ö–Ω–æ–ª–æ–≥–∏—è —Ç–∞–∫–∂–µ –º–æ–∂–µ—Ç –±—ã—Ç—å –∏—Å–ø–æ–ª—å–∑–æ–≤–∞–Ω–∞ –¥–ª—è —Ä–∞–∑—Ä–∞–±–æ—Ç–∫–∏ –∞–≤—Ç–æ–º–∞—Ç–∏–∑–∏—Ä–æ–≤–∞–Ω–Ω—ã—Ö –∫–æ–º–ø–ª–µ–∫—Å–æ–≤ –∫–æ–Ω—Ç—Ä–æ–ª—è –∫–∞—á–µ—Å—Ç–≤–∞ –∂–µ–ª–µ–∑–æ–±–µ—Ç–æ–Ω–Ω—ã—Ö –∫–æ–Ω—Å—Ç—Ä—É–∫—Ü–∏–π –¥–ª—è –∑–∞–≤–æ–¥–æ–≤ –ñ–ë–ò","ML engineer, Python Backend, DevOps, –ê–Ω–∞–ª–∏—Ç–∏–∫, –¢–µ—Å—Ç–∏—Ä–æ–≤—â–∏–∫"
–ó–∞–¥–∞—á–∞ –ø–æ –º–æ–¥–µ–ª–∏—Ä–æ–≤–∞–Ω–∏—é –¥–≤–∏–∂–µ–Ω–∏—è —Ä–æ–±–æ—Ç–æ–≤ –ø–æ–≥—Ä—É–∑—á–∏–∫–æ–≤,"–†–∞–∑—Ä–∞–±–æ—Ç–∞—Ç—å –º–æ–¥—É–ª—å —É–ø—Ä–∞–≤–ª–µ–Ω–∏—è —Å–∫–ª–∞–¥—Å–∫–∏–º–∏ —Ä–æ–±–æ—Ç–∞–º–∏ (–Ω–∞–ø—Ä–∏–º–µ—Ä –Ω–∞ –±–∞–∑–µ –¥–≤–∏–∂–∫–∞ Uniti).
–°–∫–ª–∞–¥—Å–∫–∏–µ –≤–∏–ª–æ—á–Ω—ã–µ –ø–æ–≥—Ä—É–∑—á–∏–∫–∏ –ø–µ—Ä–µ–º–µ—â–∞—é—Ç—Å—è –ø–æ —Å–∫–ª–∞–¥—É –ø–æ –∑–∞–¥–∞–Ω–Ω–æ–π –∫–∞—Ä—Ç–µ (–ø–æ –Ω–∞—Ä–∏—Å–æ–≤–∞–Ω–Ω—ã–º –¥–æ—Ä–æ–≥–∞–º). –í —Å–∏—Å—Ç–µ–º–µ –µ—Å—Ç—å –∏–Ω—Ñ–æ—Ä–º–∞—Ü–∏—è –æ —Ç–æ–º, –∫–∞–∫–æ–π —Ä–æ–±–æ—Ç –∏–∑ –∫–∞–∫–æ–π —Ç–æ—á–∫–∏ –≤ –∫–∞–∫—É—é –¥–æ–ª–∂–µ–Ω –ø–µ—Ä–µ–º–µ—Å—Ç–∏—Ç—å —Ç–æ—Ç –∏–ª–∏ –∏–Ω–æ–π –≥—Ä—É–∑, –∞ —Ç–∞–∫–∂–µ –µ—Å—Ç—å –º–µ—Å—Ç–æ–ø–æ–ª–æ–∂–µ–Ω–∏–µ –≤—Å–µ—Ö —Ä–æ–±–æ—Ç–æ–≤ –≤ –∫–∞–∂–¥—ã–π –º–æ–º–µ–Ω—Ç –≤—Ä–µ–º–µ–Ω–∏. 


*–ù–µ–æ–±—Ö–æ–¥–∏–º–æ —Ä–∞–∑—Ä–∞–±–æ—Ç–∞—Ç—å –º–æ–¥—É–ª—å –Ω–∞ –±–∞–∑–µ –∏—Å–∫—É—Å—Å—Ç–≤–µ–Ω–Ω–æ–≥–æ –∏–Ω—Ç–µ–ª–ª–µ–∫—Ç–∞, –∫–æ—Ç–æ—Ä—ã–π –±—É–¥–µ—Ç:*

1. –æ–ø—Ä–µ–¥–µ–ª—è—Ç—å, –∫–∞–∫–∏–º –º–∞—Ä—à—Ä—É—Ç–æ–º —Ä–æ–±–æ—Ç –¥–æ–ª–∂–µ–Ω –∏–¥—Ç–∏ –≤ —Ç–æ—á–∫—É 
2. ""–≥–æ–≤–æ—Ä–∏—Ç—å"" –∫–∞–∂–¥–æ–º—É —Ä–æ–±–æ—Ç—É, –≤ –∫–∞–∫—É—é –ø—Ä–æ–º–µ–∂—É—Ç–æ—á–Ω—É—é —Ç–æ—á–∫—É –µ–º—É –Ω–µ–æ–±—Ö–æ–¥–∏–º–æ –ø–µ—Ä–µ–º–µ—â–∞—Ç—å—Å—è –¥–ª—è —Ç–æ–≥–æ, —á—Ç–æ–±—ã –¥–æ—Å—Ç–∏—á—å –∑–∞–¥–∞–Ω–Ω–æ–π —Ü–µ–ª–∏ 
3. –æ–ø—Ä–µ–¥–µ–ª—è—Ç—å, –∫—Ç–æ, –≥–¥–µ, –∫–æ–≥–æ –ø—Ä–æ–ø—É—Å–∫–∞–µ—Ç (+ –¥–∞–≤–∞—Ç—å —Ä–æ–±–æ—Ç–∞–º –∫–æ–º–∞–Ω–¥—É –Ω–∞ –æ–∂–∏–¥–∞–Ω–∏–µ)
4. –Ω–µ –¥–æ–ø—É—Å–∫–∞—Ç—å –±–ª–æ–∫–∏—Ä–æ–≤–∫–∏ —Ä–æ–±–æ—Ç–∞–º–∏ –¥—Ä—É–≥ –¥—Ä—É–≥–∞
5. —Å —É—á–µ—Ç–æ–º –≤–æ–∑–Ω–∏–∫–∞—é—â–∏—Ö –ø—Ä–æ–±–ª–µ–º\—Å–∏—Ç—É–∞—Ü–∏–∏ –ø–µ—Ä–µ–æ–ø—Ä–µ–¥–µ–ª—è—Ç—å –º–∞—Ä—à—Ä—É—Ç—ã –∏ —É–∫–∞–∑–∞–Ω–∏—è –¥–ª—è —Ä–æ–±–æ—Ç–æ–≤

–¶–µ–ª—å—é –¥–∞–Ω–Ω–æ–≥–æ –º–æ–¥—É–ª—è —è–≤–ª—è–µ—Ç—Å—è –ø–æ–¥–±–æ—Ä –æ–ø—Ç–∏–º–∞–ª—å–Ω–æ–π —Å—Ç—Ä–∞—Ç–µ–≥–∏–∏, –∫–æ—Ç–æ—Ä–∞—è –ø–æ–∑–≤–æ–ª–∏—Ç —Å–∞–º—ã–º –±—ã—Å—Ç—Ä—ã–º –æ–±—Ä–∞–∑–æ–º –¥–æ–±—Ä–∞—Ç—å—Å—è –≤—Å–µ–º —Ä–æ–±–æ—Ç–∞–º –¥–æ –∫–æ–Ω–µ—á–Ω—ã—Ö —Ç–æ—á–µ–∫.


–ö–æ–Ω–µ—á–Ω—ã–º —Ä–µ–∑—É–ª—å—Ç–∞—Ç–æ–º –±—É–¥–µ—Ç —è–≤–ª—è—Ç—å—Å—è –Ω–∞–ø–∏—Å–∞–Ω–Ω—ã–π –º–æ–¥—É–ª—å –Ω–∞ —è–∑—ã–∫–µ GO –∏–ª–∏ NodeJS, –≤ —Ä–∞–º–∫–∞—Ö –∫–æ—Ç–æ—Ä–æ–≥–æ –±—É–¥—É—Ç –ø–µ—Ä–µ–¥–∞–≤–∞—Ç—å—Å—è –∑–∞–¥–∞–Ω–∏—è –¥–ª—è –¥–≤–∏–∂–µ–Ω–∏—è —Ä–æ–±–æ—Ç–æ–≤. –í—ã—Ö–æ–¥–æ–º —è–≤–ª—è–µ—Ç—Å—è –º–∞—Ä—à—Ä—É—Ç–∏–∑–∞—Ü–∏—è.
","Go Backend, ML engineer, DevOps, –¢–µ—Å—Ç–∏—Ä–æ–≤—â–∏–∫, –ê–Ω–∞–ª–∏—Ç–∏–∫"
–†–∞–∑—Ä–∞–±–æ—Ç–∫–∞ –ø—Ä–æ–≥—Ä–∞–º–º–Ω–æ–≥–æ –æ–±–µ—Å–ø–µ—á–µ–Ω–∏—è –¥–ª—è –ø—Ä–æ–µ–∫—Ç–∏—Ä–æ–≤–∞–Ω–∏—è —Ç—è–∂–µ–ª–æ–≥–æ –±–ø–ª–∞ –∞—ç—Ä–æ–¥–∏–Ω–∞–º–∏—á–µ—Å–∫–æ–π —Å—Ö–µ–º—ã ¬´—É—Ç–∫–∞¬ª,"—Ü–µ–ª—å - –∞–≤—Ç–æ–º–∞—Ç–∏–∑–∏—Ä–æ–≤–∞—Ç—å –ø—Ä–æ–µ–∫—Ç–∏—Ä–æ–≤–∞–Ω–∏–µ –≤ –ø–µ—Ä–≤–æ–º –ø—Ä–∏–±–ª–∏–∂–µ–Ω–∏–∏ –õ–ê –ø–æ –∞—ç—Ä–æ–¥–∏–Ω–∞–º–∏—á–µ—Å–∫–æ–π —Å—Ö–µ–º–µ —É—Ç–∫–∞ –∏ —Å–∏–ª–æ–≤–æ–π —Å—Ö–µ–º–µ —Ç—è–Ω–∏-—Ç–æ–ª–∫–∞–π
 
–∑–∞–¥–∞—á–∏:
1. –†–∞–∑—Ä–∞–±–æ—Ç–∫–∞ –±–ª–æ–∫-—Å—Ö–µ–º—ã –ø—Ä–æ–µ–∫—Ç–∞
2. –†–∞–∑—Ä–∞–±–æ—Ç–∫–∞ –±–ª–æ–∫-—Å—Ö–µ–º —Ä–∞—Å—á–µ—Ç–Ω—ã—Ö —á–∞—Å—Ç–µ–π –ø—Ä–æ–µ–∫—Ç–∞
3. –†–∞–∑—Ä–∞–±–æ—Ç–∫–∞ –±–ª–æ–∫-—Å—Ö–µ–º –≥—Ä–∞—Ñ–∏—á–µ—Å–∫–∏—Ö —á–∞—Å—Ç–µ–π
4. –ó–∞–ø–∏—Å—å –∫–∞–∂–¥–æ–π –±–ª–æ–∫-—Å—Ö–µ–º—ã –≤ –≤–∏–¥–µ —Å—Ç—Ä–æ–∫ –∫–æ–¥–∞
5. –§–æ—Ä–º–∏—Ä–æ–≤–∞–Ω–∏–µ –ø–æ–ª–Ω–æ—Ü–µ–Ω–Ω–æ–≥–æ –ü–û","–ò–Ω–∂–µ–Ω–µ—Ä –ë–ü–õ–ê, Python Backend, –î–∏–∑–∞–π–Ω–µ—Ä, ML engineer, –ê–Ω–∞–ª–∏—Ç–∏–∫"
–ì–µ–Ω–µ—Ä–∞—Ç–∏–≤–Ω—ã–µ –Ω–µ–π—Ä–æ–Ω–Ω—ã–µ —Å–µ—Ç–∏ –¥–ª—è –æ–±—Ä–∞–±–æ—Ç–∫–∏ —Å–ø—É—Ç–Ω–∏–∫–æ–≤—ã—Ö —Å–Ω–∏–º–∫–æ–≤,–ü—Ä–∏–º–µ–Ω–µ–Ω–∏–µ Visual ChatGPT –¥–ª—è –æ–±—Ä–∞–±–æ—Ç–∫–∏ —Å–ø—É—Ç–Ω–∏–∫–æ–≤—ã—Ö —Å–Ω–∏–º–∫–æ–≤ –¥–ª—è –∑–∞–¥–∞—á –∫–ª–∞—Å—Å–∏—Ñ–∏–∫–∞—Ü–∏–∏ –∏ —Å–µ–≥–º–µ–Ω—Ç–∞—Ü–∏–∏ –æ–±—ä–µ–∫—Ç–æ–≤.,"ML engineer, Python Backend, CV engineer, –î–∏–∑–∞–π–Ω–µ—Ä, –ê–Ω–∞–ª–∏—Ç–∏–∫"
–û–±—Ä–∞–±–æ—Ç–∫–∞ —Ç–µ–∫—Å—Ç–æ–≤—ã—Ö –¥–∞–Ω–Ω—ã—Ö –Ω–∞ –æ—Å–Ω–æ–≤—ã –ò–ò –¥–ª—è –≤—ã—è–≤–ª–µ–Ω–∏—è –∏–Ω—Ç–µ—Ä–Ω–∞—Ü–∏–æ–Ω–∞–ª–∏–∑–∏—Ä–æ–≤–∞–Ω–Ω—ã—Ö –∏–Ω—Ç–µ—Ä–Ω–µ—Ç –∏–¥–µ–Ω—Ç–∏—Ñ–∏–∫–∞—Ç–æ—Ä–æ–≤ –∏ –∏—Ö –ø—Ä–µ–æ–±—Ä–∞–∑–æ–≤–∞–Ω–∏—è –≤ –≥–∏–ø–µ—Ä—Å—Å—ã–ª–∫–∏,"**–ö–æ–Ω–µ—á–Ω—ã–π –ø–æ–ª—å–∑–æ–≤–∞—Ç–µ–ª—å:** –†–∞–∑—Ä–∞–±–æ—Ç—á–∏–∫–∏ –ø—Ä–æ–≥—Ä–∞–º–º–Ω–æ–≥–æ –æ–±–µ—Å–ø–µ—á–µ–Ω–∏—è

**–¢–∏–ø –ø—Ä–æ–µ–∫—Ç–∞:** –ü—Ä–æ–≥—Ä–∞–º–º–Ω–∞—è –±–∏–±–ª–∏–æ—Ç–µ–∫–∞

**–ó–∞–¥–∞—á–∏ –ø—Ä–æ–µ–∫—Ç–∞:**

- [ ] –†–∞–∑—Ä–∞–±–æ—Ç–∞—Ç—å –∞–ª–≥–æ—Ä–∏—Ç–º –Ω–∞ –æ—Å–Ω–æ–≤–µ –º–∞—à–∏–Ω–Ω–æ–≥–æ –æ–±—É—á–µ–Ω–∏—è, –æ–ø—Ä–µ–¥–µ–ª—è—é—â–∏–π –≤ –º–∞—Å—Å–∏–≤–µ —Ç–µ–∫—Å—Ç–æ–≤–æ–π –∏–Ω—Ñ–æ—Ä–º–∞—Ü–∏–∏ –¥–æ–º–µ–Ω–Ω—ã–µ –∏–º–µ–Ω–∞, URL, –∞–¥—Ä–µ—Å–∞ —ç–ª–µ–∫—Ç—Ä–æ–Ω–Ω–æ–π –ø–æ—á—Ç—ã, –∫–∞–Ω–∞–ª—ã –º–µ—Å—Å–µ–Ω–¥–∂–µ—Ä–æ–≤, –Ω–∏–∫–Ω–µ–π–º—ã, —Ç–µ–ª–µ—Ñ–æ–Ω—ã –∏ —Ç.–¥. –∏ –ø—Ä–µ–æ–±—Ä–∞–∑—É—é—â–∏–π –∏—Ö –≤ –≥–∏–ø–µ—Ä—Å—Å—ã–ª–∫–∏. –ü—Ä–µ–¥–ª–æ–∂–∏—Ç—å –º–∞–∫—Å–∏–º–∞–ª—å–Ω–æ –ø–æ–ª–Ω—ã–π –Ω–∞–±–æ—Ä –∏–¥–µ–Ω—Ç–∏—Ñ–∏–∫–∞—Ç–æ—Ä–æ–≤ –¥–ª—è –ø—Ä–µ–æ–±—Ä–∞–∑–æ–≤–∞–Ω–∏—è;
- [ ] –ê–ª–≥–æ—Ä–∏—Ç–º –¥–æ–ª–∂–µ–Ω —É—á–∏—Ç—ã–≤–∞—Ç—å —è–∑—ã–∫–æ–≤–æ–µ –º–Ω–æ–≥–æ–æ–±—Ä–∞–∑–∏–µ –∫–∞–∫ —Å–∞–º–æ–≥–æ —Ç–µ–∫—Å—Ç–∞, —Ç–∞–∫ –∏ –ø–æ—Ç–µ–Ω—Ü–∏–∞–ª—å–Ω—ã—Ö –≥–∏–ø–µ—Ä—Å—Å—ã–ª–æ–∫;
- [ ] –ê–ª–≥–æ—Ä–∏—Ç–º –¥–æ–ª–∂–µ–Ω —É—á–∏—Ç—ã–≤–∞—Ç—å –≤–æ–∑–º–æ–∂–Ω–æ—Å—Ç—å –æ–ø–µ—á–∞—Ç–æ–∫ –ø—Ä–∏ –Ω–∞–ø–∏—Å–∞–Ω–∏–∏ —Ç–µ–∫—Å—Ç–∞, –Ω–∞–ø—Ä–∏–º–µ—Ä, —Å–∫–ª–µ–π–∫—É —Å—Ç—Ä–æ–∫, –æ–ø–µ—á–∞—Ç–∫–∏, —Å–≤—è–∑–∞–Ω–Ω—ã–µ —Å —Ä–∞—Å–ø–æ–ª–æ–∂–µ–Ω–∏–µ–º —Å–∏–º–≤–æ–ª–æ–≤ –≤ –∫–ª–∞–≤–∏–∞—Ç—É—Ä–Ω—ã—Ö —Ä–∞—Å–∫–ª–∞–¥–∫–∞—Ö, –ø–æ–ø—É–ª—è—Ä–Ω—ã–µ –≥—Ä–∞–º–º–∞—Ç–∏—á–µ—Å–∫–∏–µ –æ—à–∏–±–∫–∏ –∏ —Ç.–¥. 
- [ ] –ü–æ—Å—Ç–∞—Ä–∞—Ç—å—Å—è —É—á–µ—Å—Ç—å –º–∞–∫—Å–∏–º–∞–ª—å–Ω–æ–µ —á–∏—Å–ª–æ —Ä–∞—Å–ø—Ä–æ—Å—Ç—Ä–∞–Ω–µ–Ω–Ω—ã—Ö –≤ —Ç–µ–∫—Å—Ç–µ –æ–ø–µ—á–∞—Ç–æ–∫ –∏ –æ—à–∏–±–æ–∫.

**–†–µ–∑—É–ª—å—Ç–∞—Ç –ø—Ä–æ–µ–∫—Ç–∞:**
–ü—Ä–æ–≥—Ä–∞–º–º–Ω–∞—è –±–∏–±–ª–∏–æ—Ç–µ–∫–∞, –ø–æ–∑–≤–æ–ª—è—é—â–∞—è –ø–æ–¥–∞–≤–∞—Ç—å –Ω–∞ –≤—Ö–æ–¥ –º–∞—Å—Å–∏–≤—ã —Ç–µ–∫—Å—Ç–∞ –∏ –ø–æ–ª—É—á–∞—Ç—å –Ω–∞ –≤—ã—Ö–æ–¥–µ –æ–±—Ä–∞–±–æ—Ç–∞–Ω–Ω—ã–π —Ç–µ–∫—Å—Ç —Å –≥–∏–ø–µ—Ä—Å—Å—ã–ª–∫–∞–º–∏.

**–û–≥—Ä–∞–Ω–∏—á–µ–Ω–∏—è –∏ –¥–æ–ø—É—â–µ–Ω–∏—è:**
–û–±—è–∑–∞—Ç–µ–ª—å–Ω—ã–º–∏ –¥–ª—è –æ–±—Ä–∞–±–æ—Ç–∫–∏ —è–≤–ª—è—é—Ç—Å—è –Ω–∞–±–æ—Ä—ã —Å–∏–º–≤–æ–ª–æ–≤ –∏–∑ —Ç–∞–±–ª–∏—Ü Unicode –¥–ª—è —è–∑—ã–∫–æ–≤—ã—Ö —Å–∫—Ä–∏–ø—Ç–æ–≤ –ª–∞—Ç–∏–Ω–∏—Ü—ã –∏ –∫–∏—Ä–∏–ª–ª–∏—Ü—ã. –î–æ–ø–æ–ª–Ω–∏—Ç–µ–ª—å–Ω—ã–µ —Å–∫—Ä–∏–ø—Ç—ã ‚Äì –ø–æ –∂–µ–ª–∞–Ω–∏—é.

**–ù–µ–æ–±—Ö–æ–¥–∏–º—ã–µ —Ä–µ—Å—É—Ä—Å—ã –¥–ª—è –≤—ã–ø–æ–ª–Ω–µ–Ω–∏—è –ø—Ä–æ–µ–∫—Ç–∞:**
–°—Ç–∞–Ω–¥–∞—Ä—Ç–Ω—ã–π –∏–Ω—Å—Ç—Ä—É–º–µ–Ω—Ç–∞—Ä–∏–π —Ä–∞–∑—Ä–∞–±–æ—Ç—á–∏–∫–∞ –ü–û

**–ü—Ä–µ—Ä–µ–∫–≤–∏–∑–∏—Ç—ã –ø—Ä–æ–µ–∫—Ç–∞** (–∫–æ–º–ø–µ—Ç–µ–Ω—Ü–∏–∏ —É—á–∞—Å—Ç–Ω–∏–∫–æ–≤ –∫–æ–º–∞–Ω–¥—ã): –ù–∞–≤—ã–∫–∏ —Ä–∞–∑—Ä–∞–±–æ—Ç—á–∏–∫–∞ –ü–û, –ø—Ä–æ–≥—Ä–∞–º–º–∏—Ä–æ–≤–∞–Ω–∏—è, —É–º–µ–Ω–∏–µ –≤—ã–±—Ä–∞—Ç—å –ø–æ–¥—Ö–æ–¥—è—â—É—é —Å—Ä–µ–¥—É —Ä–∞–∑—Ä–∞–±–æ—Ç–∫–∏, –Ω–∞–≤—ã–∫–∏ —Ä–∞–±–æ—Ç—ã —Å —Å–æ–∑–¥–∞–Ω–∏–µ–º –∏ –æ–±—É—á–µ–Ω–∏–µ–º ML-–∞–ª–≥–æ—Ä–∏—Ç–º–æ–≤.

**–î–æ–ø–æ–ª–Ω–∏—Ç–µ–ª—å–Ω–∞—è –∏–Ω—Ñ–æ—Ä–º–∞—Ü–∏—è:**
https://–ø–æ–¥–¥–µ—Ä–∂–∏–≤–∞—é.—Ä—Ñ/—É—á–∞—Å—Ç–Ω–∏–∫–∞–º/–¥–æ–∫—É–º–µ–Ω—Ç–∞—Ü–∏—è/ 

**–ü—Ä–∏–º–µ—Ä** (–≤—Ö–æ–¥–Ω—ã–µ –¥–∞–Ω–Ω—ã–µ + —Ä–µ–∑—É–ª—å—Ç–∞—Ç):

1. ¬´–ó–∞—è–≤–∫—É –ø—Ä–æ—Å—å–±–∞ –æ—Ç–ø—Ä–∞–≤–∏—Ç—å –Ω–∞ –ø–æ—á—Ç—É –∏–Ω—Ñ–æ@–ø–æ–¥–¥–µ—Ä–∂–∏–≤–∞—é.—Ä—Ñ¬ª ‚Äì –≤ —ç—Ç–æ–º –ø—Ä–∏–º–µ—Ä–µ –ø–æ—á—Ç–æ–≤—ã–π –∞–¥—Ä–µ—Å –∏–Ω—Ñ–æ@–ø–æ–¥–¥–µ—Ä–∂–∏–≤–∞—é.—Ä—Ñ –¥–æ–ª–∂–µ–Ω –±—ã—Ç—å –ø—Ä–µ–æ–±—Ä–∞–∑–æ–≤–∞–Ω –≤ –≥–∏–ø–µ—Ä—Å—Å—ã–ª–∫—É;
2. ¬´–Ø –≤–∞—Å –∞–±—Å–æ–ª—é—Ç–Ω–æ –ø–æ–¥–¥–µ—Ä–∂–∏–≤–∞—é.–†–§ –≤–µ–ª–∏–∫–∞—è –¥–µ—Ä–∂–∞–≤–∞¬ª ‚Äì –≤ —ç—Ç–æ–º –ø—Ä–∏–º–µ—Ä–µ –∞–ª–≥–æ—Ä–∏—Ç–º –¥–æ–ª–∂–µ–Ω –æ–ø—Ä–µ–¥–µ–ª–∏—Ç—å, —á—Ç–æ –ø—Ä–æ–∏–∑–æ—à–ª–∞ –æ—à–∏–±–∫–∞ –æ—Ç—Å—É—Ç—Å—Ç–≤–∏—è –ø—Ä–æ–±–µ–ª–∞ –ø–µ—Ä–µ–¥ ¬´–†–§¬ª –Ω–µ –¥–µ–ª–∞—Ç—å –ø—Ä–µ–æ–±—Ä–∞–∑–æ–≤–∞–Ω–∏—è –≤ –≥–∏–ø–µ—Ä—Å—Å—ã–ª–∫—É;
3. ¬´–ü–æ–¥–¥–µ—Ä–∂–∏–≤–∞—é. –†–§ ‚Äì –ø—Ä–æ–µ–∫—Ç —Ä–∞–∑–≤–∏—Ç–∏—è –∏–Ω—Ñ—Ä–∞—Å—Ç—Ä—É–∫—Ç—É—Ä—ã –∫–∏—Ä–∏–ª–ª–∏—á–µ—Å–∫–∏—Ö –¥–æ–º–µ–Ω–æ–≤ –∏ –ø–æ—á—Ç–æ–≤—ã—Ö –∞–¥—Ä–µ—Å–æ–≤¬ª ‚Äì –≤ —ç—Ç–æ–º –ø—Ä–∏–º–µ—Ä–µ –∞–ª–≥–æ—Ä–∏—Ç–º –¥–æ–ª–∂–µ–Ω –æ–ø—Ä–µ–¥–µ–ª–∏—Ç—å, —á—Ç–æ –ø–µ—Ä–µ–¥ –†–§ –ø–æ—è–≤–∏–ª—Å—è –æ—à–∏–±–æ—á–Ω—ã–π –ø—Ä–æ–±–µ–ª, –¥–æ–ª–∂–µ–Ω –ø—Ä–æ–∏–∑–≤–µ—Å—Ç–∏ —Å–∫–ª–µ–π–∫—É –∏ –ø—Ä–µ–æ–±—Ä–∞–∑–æ–≤–∞—Ç—å –≤ –≥–∏–ø–µ—Ä—Å—Å—ã–ª–∫—É;
4. ¬´–ú–æ–π —Ç–µ–ª–µ–≥—Ä–∞–º –∫–∞–Ω–∞–ª, –≥–¥–µ –º–Ω–æ–∂–µ—Å—Ç–≤–æ info @podderzhivayu_rf¬ª ‚Äì –≤ —ç—Ç–æ–º –ø—Ä–∏–º–µ—Ä–µ –∞–ª–≥–æ—Ä–∏—Ç–º –¥–æ–ª–∂–µ–Ω –æ–ø—Ä–µ–¥–µ–ª–∏—Ç—å, —á—Ç–æ –≥–∏–ø–µ—Ä—Å—Å—ã–ª–∫—É –Ω—É–∂–Ω–æ —Å–¥–µ–ª–∞—Ç—å –Ω–∞ —Ç–µ–ª–µ–≥—Ä–∞–º –∫–∞–Ω–∞–ª @podderzhivayu_rf, –∞ –Ω–µ –ø—Ä–æ–∏–∑–≤–µ—Å—Ç–∏ —Å–∫–ª–µ–π–∫—É —Å info –∏ —Å–¥–µ–ª–∞—Ç—å –∞–¥—Ä–µ—Å —ç–ª–µ–∫—Ç—Ä–æ–Ω–Ω–æ–π –ø–æ—á—Ç—ã;
5. ¬´–ü–µ—Ä–µ–π–¥–∏—Ç–µ –Ω–∞ —Å–∞–π—Ç https://www.cctld.rus¬ª ‚Äì –≤ —ç—Ç–æ–º –ø—Ä–∏–º–µ—Ä–µ –∞–ª–≥–æ—Ä–∏—Ç–º –¥–æ–ª–∂–µ–Ω –æ–ø—Ä–µ–¥–µ–ª–∏—Ç—å, —á—Ç–æ —Ç–∞–∫–æ–≥–æ –¥–æ–º–µ–Ω–Ω–æ–≥–æ –∏–º–µ–Ω–∏ –Ω–µ —Å—É—â–µ—Å—Ç–≤—É–µ—Ç –∏ –Ω–µ –¥–µ–ª–∞—Ç—å URL –≥–∏–ø–µ—Ä—Å—Å—ã–ª–∫–æ–π. –û–¥–Ω–∞–∫–æ –¥–ª—è –ø–æ–ø—É–ª—è—Ä–Ω—ã—Ö –¥–æ–º–µ–Ω–Ω—ã—Ö –∏–º–µ–Ω –≤–µ—Ä—Ö–Ω–µ–≥–æ —É—Ä–æ–≤–Ω—è –¥–µ—Ü–µ–Ω—Ç—Ä–∞–ª–∏–∑–æ–≤–∞–Ω–Ω–æ–π –¥–æ–º–µ–Ω–Ω–æ–π –∞–¥—Ä–µ—Å–∞—Ü–∏–∏ –º–æ–∂–Ω–æ —Å–æ–∑–¥–∞–≤–∞—Ç—å —Å–æ–æ—Ç–≤–µ—Ç—Å—Ç–≤—É—é—â–∏–µ —Å—Ä–µ–¥–µ –∏—Ö –æ–±—Ä–∞–±–æ—Ç–∫–∏ –≤ –≥–∏–ø–µ—Ä—Å—Å—ã–ª–∫–∏ (–ø—Ä–∏–º–µ—Ä .onion).
6. –∏ —Ç.–¥.","ML engineer, Python Backend, DevOps, –¢–µ—Å—Ç–∏—Ä–æ–≤—â–∏–∫, –ê–Ω–∞–ª–∏—Ç–∏–∫"
–†–∞–∑—Ä–∞–±–æ—Ç–∫–∞ –∞–≤—Ç–æ–º–∞—Ç–∏–∑–∏—Ä–æ–≤–∞–Ω–Ω–æ–π —Å–∏—Å—Ç–µ–º—ã —Ä–∞—Å–ø–æ–∑–Ω–∞–≤–∞–Ω–∏—è –æ–±—Ä–∞–∑–æ–≤ –∏ –æ—Ä–∏–µ–Ω—Ç–∞—Ü–∏–∏ –ø–æ–¥–≤–∏–∂–Ω–æ–π –ø–ª–∞—Ç—Ñ–æ—Ä–º—ã –Ω–∞ —Ü–µ–ª—å,"–ò–¥–µ—è: —Å–¥–µ–ª–∞—Ç—å —Ç—É—Ä–µ–ª—å, –∑–∞—â–∏—â–∞—é—â—É—é –æ–±–ª–∞—Å—Ç—å –ø–æ–¥–æ–∫–æ–Ω–Ω–∏–∫–∞ –∏–ª–∏ –∫—É—Ö–æ–Ω–Ω–æ–≥–æ —Å—Ç–æ–ª–∞ –æ—Ç –∫–æ—Ç–æ–≤, –æ–±–Ω–∞—Ä—É–∂–∏–≤–∞—è –∏—Ö –º–∞—à–∏–Ω–Ω—ã–º –∑—Ä–µ–Ω–∏–µ–º –∏ –æ—Ç—Å—Ç—Ä–µ–ª–∏–≤–∞—è –∏–∑ –≤–æ–¥–Ω–æ–≥–æ –ø–∏—Å—Ç–æ–ª–µ—Ç–∞. ","ML engineer, CV engineer, Python Backend, DevOps, –¢–µ—Å—Ç–∏—Ä–æ–≤—â–∏–∫"
–ü—Ä–æ–≥—Ä–∞–º–º–Ω–æ-–∞–ø–ø–∞—Ä–∞—Ç–Ω—ã–π –∫–æ–º–ø–ª–µ–∫—Å —Å–ª–µ–∂–µ–Ω–∏—è –∑–∞ –¥–∏–Ω–∞–º–∏—á–µ—Å–∫–∏–º –æ–±—ä–µ–∫—Ç–æ–º,"–°–∏—Å—Ç–µ–º–∞ —Å–ª–µ–∂–µ–Ω–∏—è —Å—Ç—Ä—É–∫—Ç—É—Ä–Ω–æ –ø—Ä–µ–¥—Å—Ç–∞–≤–ª—è–µ—Ç –∏–∑ —Å–µ–±—è –∫–∞–º–µ—Ä—É, –∑–∞–∫—Ä–µ–ø–ª–µ–Ω–Ω—É—é –Ω–∞ –ø—Ä–∏–≤–æ–¥–Ω–æ–π —Å–∏—Å—Ç–µ–º–µ, —É–ø—Ä–∞–≤–ª—è–µ–º–æ–π –≤ –¥–≤—É—Ö –∫–∞–Ω–∞–ª–∞—Ö. –ò–∑–æ–±—Ä–∞–∂–µ–Ω–∏–µ —Å –∫–∞–º–µ—Ä—ã –≤—ã–≤–æ–¥–∏—Ç—Å—è –Ω–∞ –º–æ–Ω–∏—Ç–æ—Ä, –Ω–∞ –∫–æ—Ç–æ—Ä–æ–º –æ–ø–µ—Ä–∞—Ç–æ—Ä –≤—ã–¥–µ–ª—è–µ—Ç –æ–±–ª–∞—Å—Ç—å, –≤ –∫–æ—Ç–æ—Ä–æ–π –Ω–∞—Ö–æ–¥–∏—Ç—Å—è —Ü–µ–ª–µ–≤–æ–π –æ–±—ä–µ–∫—Ç. –° –ø–æ–º–æ—â—å—é –∞–ª–≥–æ—Ä–∏—Ç–º–æ–≤ –º–∞—à–∏–Ω–Ω–æ–≥–æ –∑—Ä–µ–Ω–∏—è –æ–ø—Ä–µ–¥–µ–ª—è—é—Ç—Å—è –≥—Ä–∞–Ω–∏—Ü—ã –æ–±—ä–µ–∫—Ç–∞ –≤ –≤—ã–¥–µ–ª–µ–Ω–Ω–æ–π –æ–±–ª–∞—Å—Ç–∏. –î–∞–ª–µ–µ –ø—Ä–∏ –ø–µ—Ä–µ–º–µ—â–µ–Ω–∏–∏ –æ–±—ä–µ–∫—Ç–∞ –≤ –∫–∞–¥—Ä–µ –Ω–∞ –ø—Ä–∏–≤–æ–¥–Ω—É—é —Å–∏—Å—Ç–µ–º—É –≤—ã–¥–∞—é—Ç—Å—è —Å–∏–≥–Ω–∞–ª—ã —É–ø—Ä–∞–≤–ª–µ–Ω–∏—è, –ø–æ–ª—É—á–µ–Ω–Ω—ã–µ –∏—Å—Ö–æ–¥—è –∏–∑ –∏–Ω—Ñ–æ—Ä–º–∞—Ü–∏–∏ –æ–± –∏–∑–º–µ–Ω–µ–Ω–∏–∏ –∫–æ–æ—Ä–¥–∏–Ω–∞—Ç –ø–∏–∫—Å–µ–ª–µ–π, –æ—Ç–Ω–æ—Å—è—â–∏—Ö—Å—è –∫ –æ–±—ä–µ–∫—Ç—É, –Ω–∞—Ö–æ–¥—è—â–µ–º—É—Å—è –≤ –∫–∞–¥—Ä–µ. –¢–∞–∫–∏–º –æ–±—Ä–∞–∑–æ–º –ø—Ä–æ–∏—Å—Ö–æ–¥–∏—Ç –≤–∏–∑—É–∞–ª—å–Ω–æ–µ —Å–æ–ø—Ä–æ–≤–æ–∂–¥–µ–Ω–∏–µ –≤—ã–±—Ä–∞–Ω–Ω–æ–≥–æ –æ–ø–µ—Ä–∞—Ç–æ—Ä–æ–º –æ–±—ä–µ–∫—Ç–∞.","ML engineer, CV engineer, Python Backend, DevOps, –¢–µ—Å—Ç–∏—Ä–æ–≤—â–∏–∫"
–ö–∞—Ä—Ç–∞ –Ω–µ—Ñ—Ç—è–Ω—ã—Ö –∑–∞–≥—Ä—è–∑–Ω–µ–Ω–∏–π,–û–ø—Ä–µ–¥–µ–ª–µ–Ω–∏–µ –Ω–µ—Ñ—Ç—è–Ω—ã—Ö –∑–∞–≥—Ä—è–∑–Ω–µ–Ω–∏–∏ÃÜ –Ω–∞ –ø–æ–≤–µ—Ä—Ö–Ω–æ—Å—Ç–∏ –º–æ—Ä–µ–∏ÃÜ –†–§ (–ß–µ—Ä–Ω–æ–µ –∏ –ê–∑–æ–≤—Å–∫–æ–µ) –ø–æ –¥–∞–Ω–Ω—ã–º —Å–Ω–∏–º–∫–æ–≤ –î–ó–ó.,"ML engineer, Python Backend, –ê–Ω–∞–ª–∏—Ç–∏–∫, –î–∏–∑–∞–π–Ω–µ—Ä, –¢–µ—Å—Ç–∏—Ä–æ–≤—â–∏–∫"
–°–æ–∑–¥–∞–Ω–∏–µ –≤–∏—Ä—Ç—É–∞–ª—å–Ω–æ–≥–æ –ø–µ—Ä—Å–æ–Ω–∞–∂–∞ –¥–ª—è —Å–æ—Ü.—Å–µ—Ç–µ–π —Å –ø–æ–º–æ—â—å—é –≥–µ–Ω–µ—Ä–∞—Ç–∏–≤–Ω–æ–≥–æ –ò–ò,"–°–æ–∑–¥–∞—ë–º —Ç–µ–ª–µ–≥—Ä–∞–º-–∫–∞–Ω–∞–ª/–≤–∫ –∞–∫–∫–∞—É–Ω—Ç –¥–ª—è –≤–∏—Ä—Ç—É–∞–ª—å–Ω–æ–π —Å—Ç—É–¥–µ–Ω—Ç–∫–∏ –ú–ê–ò —Å –ø–æ–º–æ—â—å—é –∫–æ–Ω—Å–∏—Å—Ç–µ–Ω—Ç–Ω–æ–π –≥–µ–Ω–µ—Ä–∞—Ü–∏–∏ —Ñ–æ—Ç–æ–≥—Ä–∞—Ñ–∏–π –∏ —Ç–µ–∫—Å—Ç–æ–≤.
https://twitter.com/chaseleantj/status/1692155286306668840","–î–∏–∑–∞–π–Ω–µ—Ä, ML engineer, Python Backend, –¢–µ—Å—Ç–∏—Ä–æ–≤—â–∏–∫, –ê–Ω–∞–ª–∏—Ç–∏–∫"
–ú–æ–¥–µ–ª–∏—Ä–æ–≤–∞–Ω–∏–µ –ø—Ä–æ–∏–∑–≤–æ–¥—Å—Ç–≤–∞ –ø—Ä–æ–¥—É–∫—Ü–∏–∏ —Å —É—á–µ—Ç–æ–º –¥–æ—Å—Ç—É–ø–Ω–æ—Å—Ç–∏ –∫–æ–º–ø–æ–Ω–µ–Ω—Ç–æ–≤,"–í –¥–∞–Ω–Ω–æ–º –∫–µ–π—Å–µ –Ω–µ–æ–±—Ö–æ–¥–∏–º–æ —Å–æ–∑–¥–∞—Ç—å –º–∞—Ç–µ–º–∞—Ç–∏—á–µ—Å–∫—É—é –º–æ–¥–µ–ª—å –ø–æ–∏—Å–∫–∞ –æ–ø—Ç–∏–º–∞–ª—å–Ω–æ–≥–æ —Ä–µ—à–µ–Ω–∏—è —Å —É—á–µ—Ç–æ–º —Å–ª–µ–¥—É—é—â–∏—Ö —Ç—Ä–µ–±–æ–≤–∞–Ω–∏–π:
1. –ú–æ–¥–µ–ª—å –¥–æ–ª–∂–Ω–∞ —É—á–∏—Ç—ã–≤–∞—Ç—å –≤–æ–∑–º–æ–∂–Ω–æ—Å—Ç—å –µ–µ –ø–æ—Å–ª–µ–¥—É—é—â–µ–π —Ä–µ–∞–ª–∏–∑–∞—Ü–∏–∏ –ø—Ä–æ–≥—Ä–∞–º–º–Ω—ã–º–∏ –º–µ—Ç–æ–¥–∞–º–∏
2. –ú–æ–¥–µ–ª—å –¥–æ–ª–∂–Ω–∞ –º–∞—Å—à—Ç–∞–±–∏—Ä–æ–≤–∞—Ç—å—Å—è —Å —É—á–µ—Ç–æ–º –¥–æ–±–∞–≤–ª–µ–Ω–∏—è –Ω–æ–≤—ã—Ö —Ç–∏–ø–æ–≤ –ø—Ä–æ–¥—É–∫—Ç–æ–≤ (–¥–ª—è –∫–∞–∂–¥–æ–≥–æ –ø—Ä–æ–¥—É–∫—Ç–∞ –±—É–¥–µ—Ç —É–∫–∞–∑–∞–Ω –ø—Ä–∏–æ—Ä–∏—Ç–µ—Ç).

**–ë–∏–∑–Ω–µ—Å-–∑–∞–¥–∞—á–∞**

- [ ] –° —Ü–µ–ª—å—é —Å–æ–∫—Ä–∞—â–µ–Ω–∏—è –æ—Å—Ç–∞—Ç–∫–æ–≤ –¥–µ—Ç–∞–ª–µ–π, —Ö—Ä–∞–Ω–∏–º—ã—Ö –Ω–∞ —Å–∫–ª–∞–¥–µ, –ø—Ä–æ–∏–∑–≤–µ—Å—Ç–∏ –∏–∑ –∏–º–µ—é—â–∏—Ö—Å—è —Ä–∞–∑–ª–∏—á–Ω—ã—Ö —Å–æ—Å—Ç–∞–≤–Ω—ã—Ö —á–∞—Å—Ç–µ–π –º–∞–∫—Å–∏–º–∞–ª—å–Ω–æ–µ –∫–æ–ª–∏—á–µ—Å—Ç–≤–æ –ø—Ä–æ–¥—É–∫—Ü–∏–∏ (1 —Ç–∏–ø –ø—Ä–æ–¥—É–∫—Ç–∞).
- [ ] –ó–∞–∫—É–ø–∏—Ç—å –º–∏–Ω–∏–º–∞–ª—å–Ω–æ –Ω–µ–æ–±—Ö–æ–¥–∏–º–æ–µ –∫–æ–ª–∏—á–µ—Å—Ç–≤–æ —Å–æ—Å—Ç–∞–≤–Ω—ã—Ö —á–∞—Å—Ç–µ–π –¥–ª—è –¥–æ—Å—Ç–∏–∂–µ–Ω–∏—è —Ü–µ–ª–µ–≤–æ–≥–æ —É—Ä–æ–≤–Ω—è –ø—Ä–æ–∏–∑–≤–æ–¥—Å—Ç–≤–∞ –ø—Ä–æ–¥—É–∫—Ü–∏–∏ —Å —É—á–µ—Ç–æ–º –ø.1.

**–†–µ–∑—É–ª—å—Ç–∞—Ç** 

–ü—Ä–æ–≥—Ä–∞–º–º–Ω–æ–µ –æ–±–µ—Å–ø–µ—á–µ–Ω–∏–µ, —Ä–µ–∞–ª–∏–∑–æ–≤–∞–Ω–Ω–æ–µ –Ω–∞ –ø–ª–∞—Ç—Ñ–æ—Ä–º–µ Linux | SQL | Python (etc...), web-based, —Å –∏–Ω—Ç–µ—Ä—Ñ–µ–π—Å–æ–º –ø–æ–ª—å–∑–æ–≤–∞—Ç–µ–ª—è
","ML engineer, Python Backend, –ê–Ω–∞–ª–∏—Ç–∏–∫, –î–∏–∑–∞–π–Ω–µ—Ä, DevOps"
–ó–∞–≥—Ä—è–∑–Ω–µ–Ω–∏–µ –ö–∞—Å–ø–∏—è,"–ò–∑—É—á–µ–Ω–∏–µ –Ω–µ—Ñ—Ç—è–Ω–æ–≥–æ –∑–∞–≥—Ä—è–∑–Ω–µ–Ω–∏—è –ö–∞—Å–ø–∏—è –≤ —Ä–µ–∑—É–ª—å—Ç–∞—Ç–µ –¥–æ–±—ã—á–∏ –∏ —Ç—Ä–∞–Ω—Å–ø–æ—Ä—Ç–∏—Ä–æ–≤–∫–∏ —É–≥–ª–µ–≤–æ–¥–æ—Ä–æ–¥–æ–≤ –ø–æ –¥–∞–Ω–Ω—ã–º –î–ó–ó.
","–ê–Ω–∞–ª–∏—Ç–∏–∫, –î–∏–∑–∞–π–Ω–µ—Ä, ML engineer, Python Backend, –¢–µ—Å—Ç–∏—Ä–æ–≤—â–∏–∫"
–†–∞–∑—Ä–∞–±–æ—Ç–∫–∞ –ø—Ä–æ–≥—Ä–∞–º–º–Ω–æ–≥–æ –æ–±–µ—Å–ø–µ—á–µ–Ω–∏—è –¥–ª—è —É–ø—Ä–∞–≤–ª–µ–Ω–∏—è –∞–ø–ø–∞—Ä–∞—Ç–æ–º –≤—Å–ø–æ–º–æ–≥–∞—Ç–µ–ª—å–Ω–æ–≥–æ –∫—Ä–æ–≤–æ–æ–±—Ä–∞—â–µ–Ω–∏—è (–ê–í–ö) –≤ –æ–±—Ö–æ–¥ –ª–µ–≤–æ–≥–æ –∂–µ–ª—É–¥–æ—á–∫–∞,"–†–∞–∑—Ä–∞–±–æ—Ç–∫–∞ –ø—Ä–æ–≥—Ä–∞–º–º–Ω–æ–≥–æ –æ–±–µ—Å–ø–µ—á–µ–Ω–∏—è –¥–ª—è —É–ø—Ä–∞–≤–ª–µ–Ω–∏—è –∞–ø–ø–∞—Ä–∞—Ç–æ–º –≤—Å–ø–æ–º–æ–≥–∞—Ç–µ–ª—å–Ω–æ–≥–æ –∫—Ä–æ–≤–æ–æ–±—Ä–∞—â–µ–Ω–∏—è (–ê–í–ö) –≤ –æ–±—Ö–æ–¥ –ª–µ–≤–æ–≥–æ –∂–µ–ª—É–¥–æ—á–∫–∞;
–¶–µ–ª–∏: —Ä–∞–∑—Ä–∞–±–æ—Ç–∞—Ç—å –º–æ–¥–µ–ª—å –ê–í–ö –≤ –æ–±—Ö–æ–¥ –ª–µ–≤–æ–≥–æ –∂–µ–ª—É–¥–æ—á–∫–∞ (–Ω–∞ —è–∑—ã–∫–µ C#) –∏ –∏–∑—É—á–∏—Ç—å –ø–æ—Å—Ç–∞–≤–ª–µ–Ω–Ω—ã–µ –≤–æ–ø—Ä–æ—Å—ã;
–ó–∞–¥–∞—á–∏:
1. –ò–∑—É—á–µ–Ω–∏–µ –ø—Ä–æ–±–ª–µ–º—ã —É–ø—Ä–∞–≤–ª–µ–Ω–∏—è –ê–í–ö
2. –ü–æ–¥–±–æ—Ä —É–ø—Ä–∞–≤–ª–µ–Ω–∏—è –¥–ª—è —Ä–æ—Ç–æ—Ä–∞ –Ω–∞—Å–æ—Å–∞ –ê–í–ö
3. –û–±–µ—Å–ø–µ—á–∏—Ç—å —É—Å—Ç–æ–π—á–∏–≤—É—é —Ä–∞–±–æ—Ç—É –æ—Å–µ–≤–æ–≥–æ –ê–í–ö –Ω–∞ –∞–∫—Ç–∏–≤–Ω—ã—Ö –º–∞–≥–Ω–∏—Ç–Ω—ã—Ö –ø–æ–¥—à–∏–ø–Ω–∏–∫–∞—Ö","C# Backend, ML engineer, –ê–Ω–∞–ª–∏—Ç–∏–∫, –¢–µ—Å—Ç–∏—Ä–æ–≤—â–∏–∫, –î–∏–∑–∞–π–Ω–µ—Ä"
–ü–æ—Ä—Ç–∏—Ä–æ–≤–∞–Ω–∏–µ –Ω–µ–π—Ä–æ–Ω–Ω—ã—Ö —Å–µ—Ç–µ–π –∫–æ–º–ø—å—é—Ç–µ—Ä–Ω–æ–≥–æ –∑—Ä–µ–Ω–∏—è –Ω–∞ –±–æ—Ä—Ç–æ–≤—ã–µ –≤—ã—á–∏—Å–ª–∏—Ç–µ–ª—å–Ω—ã–µ –∫–æ–º–ø–ª–µ–∫—Å—ã –ë–ü–õ–ê,"–í —Ä–∞–º–∫–∞—Ö –¥–∞–Ω–Ω–æ–≥–æ –∫–µ–π—Å–∞ –ø—Ä–µ–¥–ª–∞–≥–∞–µ—Ç—Å—è —Ä–∞–∑—Ä–∞–±–æ—Ç–∞—Ç—å –º–æ–¥–µ–ª—å —Å–ø–æ—Å–æ–±–Ω—É—é –≤ –ø–æ–ª–Ω–æ–π –º–µ—Ä–µ —Ñ—É–Ω–∫—Ü–∏–æ–Ω–∏—Ä–æ–≤–∞—Ç—å –Ω–∞ –±–æ—Ä—Ç–æ–≤–æ–º –≤—ã—á–∏—Å–ª–∏—Ç–µ–ª–µ —Å —Ü–µ–ª—å—é –¥–µ—Ç–µ–∫—Ü–∏–∏ –æ–±—ä–µ–∫—Ç–æ–≤. –í –Ω–∞—Å—Ç–æ—è—â–µ–µ –≤—Ä–µ–º—è —Å—Ñ–µ—Ä–∞ –ø—Ä–∏–º–µ–Ω–µ–Ω–∏—è –ë–ü–õ–ê —Ä–∞—Å—Ç–µ—Ç —Å –∫–∞–∂–¥—ã–º –¥–Ω–µ–º, –≤ —Ä–∞–º–∫–∞—Ö –¥–∞–Ω–Ω–æ–π —Ä–∞–±–æ—Ç—ã –º–æ–∂–Ω–æ —Ä–∞–∑—Ä–∞–±–æ—Ç–∞—Ç—å –ø—Ä–æ—Ç–æ—Ç–∏–ø –ø—Ä–æ–¥—É–∫—Ç–∞ –≤–æ—Å—Ç—Ä–µ–±–æ–≤–∞–Ω–Ω–æ–≥–æ –Ω–∞ —Å–æ–≤—Ä–µ–º–µ–Ω–Ω–æ–º —Ä—ã–Ω–∫–µ.","ML engineer, CV engineer, ML Ops Engineer, Python Backend, DevOps"
–ü—Ä–∏–º–µ–Ω–µ–Ω–∏–µ –º–∞—à–∏–Ω–Ω–æ–≥–æ –∑—Ä–µ–Ω–∏—è –≤ –ª–∞–∑–µ—Ä–Ω–æ–π SLM —Ç–µ—Ö–Ω–æ–ª–æ–≥–∏–∏,"
–ó–∞–¥–∞—á–∞: —Å–æ–∑–¥–∞–Ω–∏–µ –ø—Ä–æ–≥—Ä–∞–º–º—ã, –ø–æ–∑–≤–æ–ª—è—é—â–∞—è –∏—Å–ø—Ä–∞–≤–ª—è—Ç—å —É–≥–ª–æ–≤—ã–µ –∏ —Å—Ñ–µ—Ä–∏—á–µ—Å–∫–∏–µ –¥–∏—Å—Ç–æ—Ä—Å–∏–∏ –ø—Ä–∏ –ø—Ä–∏–º–µ–Ω–µ–Ω–∏–∏ –≤–∏–¥–µ–æ–∫–∞–º–µ—Ä –¥–ª—è —Ç–µ—Ö–Ω–æ–ª–æ–≥–∏–∏ SLM.","ML engineer, CV engineer, Python Backend, DevOps, –¢–µ—Å—Ç–∏—Ä–æ–≤—â–∏–∫"
–†–∞–∑—Ä–∞–±–æ—Ç–∫–∞ –ø—Ä–∏–ª–æ–∂–µ–Ω–∏—è –¥–ª—è –ø—Ä–æ–µ–∫—Ç–∏—Ä–æ–≤–∞–Ω–∏—è –º–æ–¥–µ–ª–∏ —Ä–∞–∫–µ—Ç—ã,"–ú–æ–¥–µ–ª—å —Ä–∞–∫–µ—Ç—ã –ø—Ä–µ–¥—Å—Ç–∞–≤–ª—è–µ—Ç —Å–æ–±–æ–π –Ω–µ–±–æ–ª—å—à—É—é —Å–∞–º–æ–¥–µ–ª—å–Ω–æ—é —Ä–∞–∫–µ—Ç—É —Å —Ç–≤–µ—Ä–¥–æ—Ç–æ–ø–ª–∏–≤–Ω—ã–º –¥–≤–∏–≥–∞—Ç–µ–ª–µ–º, –≤–∑–ª–µ—Ç–∞—é—â—É—é –Ω–∞ —Å—Ç–æ–Ω–∏ –º–µ—Ç—Ä–æ–≤ (—Ä–µ–∂–µ - –Ω–∞ –Ω–µ—Å–∫–æ–ª—å–∫–æ –∫–∏–ª–æ–º–µ—Ç—Ä–æ–≤) –∏ —Å–æ–≤–µ—Ä—à–∞—é—â—É—é –º—è–≥–∫—É—é –ø–æ—Å–∞–¥–∫—É (—á–∞—â–µ –≤—Å–µ–≥–æ –Ω–∞ –ø–∞—Ä–∞—à—é—Ç–µ).
–í —Ä–µ–∑—É–ª—å—Ç–∞—Ç–µ —ç—Ç–æ–≥–æ –∫–µ–π—Å–∞ –¥–æ–ª–∂–Ω–∞ –±—ã—Ç—å —Ä–∞–∑—Ä–∞–±–æ—Ç–∞–Ω–∞ –ø—Ä–æ–≥—Ä–∞–º–º–∞, –≤ –∫–æ—Ç–æ—Ä–æ–π –ø–æ–ª—å–∑–æ–≤–∞—Ç–µ–ª—å –º–æ–∂–µ—Ç –∑–∞–¥–∞—Ç—å –ø–∞—Ä–∞–º–µ—Ç—Ä—ã —Ä–∞–∫–µ—Ç—ã –∏ –ø—Ä–æ–≤–µ—Å—Ç–∏ —Å–∏–º—É–ª—è—Ü–∏—é –µ–µ –ø–æ–ª–µ—Ç–∞. 
–ú–∞—Ç–µ–º–∞—Ç–∏—á–µ—Å–∫–∞—è –º–æ–¥–µ–ª—å —Ä–∞–∫–µ—Ç—ã –≤–∫–ª—é—á–∞–µ—Ç –≤ —Å–µ–±—è:
–ì–µ–æ–º–µ—Ç—Ä–∏—é —Ä–∞–∫–µ—Ç—ã (–¥–∏–∞–º–µ—Ç—Ä, –¥–ª–∏–Ω–Ω–∞, —Ñ–æ—Ä–º–∞ –æ–±—Ç–µ–∫–∞—Ç–µ–ª—è, —Ñ–æ—Ä–º–∞ —Å—Ç–∞–±–∏–ª–∏–∑–∞—Ç–æ—Ä–æ–≤ –∏ –∏—Ö –∫–æ–ª–∏—á–µ—Å—Ç–≤–æ –∏ —Ç. –¥.)
–í–Ω—É—Ç—Ä–µ–Ω–Ω–∏–π —Å–æ—Å—Ç–∞–≤ —Ä–∞–∫–µ—Ç—ã
–ú–∞—Å—Å–æ–≤—ã–µ —Ö–∞—Ä–∞–∫—Ç–µ—Ä–∏—Å—Ç–∏–∫–∏ —Ä–∞–∫–µ—Ç—ã, —Ä–∞—Å—Å—á–∏—Ç–∞–Ω–Ω—ã–µ –∏–∑ –≥–µ–æ–º–µ—Ç—Ä–∏–∏ –∫–æ–º–ø–æ–Ω–µ–Ω—Ç–æ–≤ –∏ –∏—Ö –º–∞—Ç–µ—Ä–∏–∞–ª–∞
–í –ø—Ä–æ—Ü–µ—Å—Å–µ –º–æ–¥–µ–ª–∏—Ä–æ–≤–∞–Ω–∏—è –ø–æ–ª–µ—Ç–∞ –¥–æ–ª–∂–Ω—ã —É—á–∏—Ç—ã–≤–∞—Ç—å—Å—è:
–£–≥–ª–æ–≤–æ–µ –ø–æ–ª–æ–∂–µ–Ω–∏–µ —Ä–∞–∫–µ—Ç—ã –¥–æ –º–æ–º–µ–Ω—Ç–∞ —Ä–∞—Å–∫—Ä—ã—Ç–∏—è –ø–∞—Ä–∞—à—é—Ç–∞
–ê—ç—Ä–æ–¥–∏–Ω–∞–º–∏—á–µ—Å–∫–∏–µ —Å–∏–ª—ã
–ò–∑–º–µ–Ω–µ–Ω–∏–µ –º–∞—Å—Å—ã —Ä–∞–∫–µ—Ç—ã –ø–æ –º–µ—Ä–µ –≤—ã—Ä–∞–±–æ—Ç–∫–∏ —Ç–æ–ø–ª–∏–≤–∞
–í–ª–∏—è–Ω–∏–µ —Ç–µ–º–ø–µ—Ä–∞—Ç—É—Ä—ã –Ω–∞ –ø–ª–æ—Ç–Ω–æ—Å—Ç—å –≤–æ–∑–¥—É—Ö–∞
–í–ª–∏—è–Ω–∏–µ –≤–µ—Ç—Ä–∞
","–ò–Ω–∂–µ–Ω–µ—Ä –ë–ü–õ–ê, ML engineer, Python Backend, –ê–Ω–∞–ª–∏—Ç–∏–∫, –î–∏–∑–∞–π–Ω–µ—Ä"
–£—Ä–±–∞–Ω–∏–∑–∞—Ü–∏—è –±–æ–ª—å—à–∏—Ö –≥–æ—Ä–æ–¥–æ–≤,"–û—Ü–µ–Ω–∫–∞ —É—Ä–±–∞–Ω–∏–∑–∞—Ü–∏–∏ –±—ã—Å—Ç—Ä–æ—Ä–∞—Å—Ç—É—â–∏—Ö –≥–æ—Ä–æ–¥–æ–≤ –†–§ (–ë–∞–ª–∞—à–∏—Ö–∞, –ö—Ä–∞—Å–Ω–æ–¥–∞—Ä, –ï–∫–∞—Ç–µ—Ä–µ–Ω–±—É—Ä–≥) –º–µ—Ç–æ–¥–∞–º–∏ –º–∞—à–∏–Ω–Ω–æ–≥–æ –æ–±—É—á–µ–Ω–∏—è –ø–æ –¥–∞–Ω–Ω—ã–º —Å–Ω–∏–º–∫–æ–≤ –î–ó–ó.","ML engineer, –ê–Ω–∞–ª–∏—Ç–∏–∫, Python Backend, –î–∏–∑–∞–π–Ω–µ—Ä, DevOps"
–†–∞–∑—Ä–∞–±–æ—Ç–∫–∞ —Å–∏—Å—Ç–µ–º—ã ECM –¥–ª—è –∞–≤–∏–∞—Ü–∏–æ–Ω–Ω–æ–≥–æ –¥–≤–∏–≥–∞—Ç–µ–ª—è,"–ò–º–µ–µ—Ç—Å—è —Ç–µ—Ö–Ω–∏—á–µ—Å–∫–∞—è –¥–æ–∫—É–º–µ–Ω—Ç–∞—Ü–∏—è –ø–æ –∞–≤–∏–∞—Ü–∏–æ–Ω–Ω—ã–º –¥–≤–∏–≥–∞—Ç–µ–ª—è–º —Ä–∞–∑–ª–∏—á–Ω—ã—Ö –ø—Ä–æ–∏–∑–≤–æ–¥–∏—Ç–µ–ª–µ–π. –î–∞–Ω–Ω—ã–µ —Å–∏—Å—Ç–µ–º—ã ECM - engine condition monitoring - –ø–∞—Ä–∞–º–µ—Ç—Ä—ã –¥–≤–∏–≥–∞—Ç–µ–ª—è –Ω–∞ –≤—Ö–æ–¥–µ –∏ –ø–∞—Ä–∞–º–µ—Ç—Ä—ã, –≤–∞–∂–Ω—ã–µ –¥–ª—è —Ç–µ—Ö–Ω–∏—á–µ—Å–∫–æ–≥–æ –æ–±—Å–ª—É–∂–∏–≤–∞–Ω–∏—è (–∏–Ω–¥–µ–∫—Å ""–∑–¥–æ—Ä–æ–≤—å—è"" –¥–≤–∏–≥–∞—Ç–µ–ª—è, –∑–∞–ø–∞—Å—ã –ø–æ —Ç–µ–º–ø–µ—Ä–∞—Ç—É—Ä–µ –∏ –¥—Ä.). –¢–∞–∫ –∫–∞–∫ –∑–∞—Ä—É–±–µ–∂–Ω—ã–µ –ø—Ä–æ–∏–∑–≤–æ–¥–∏—Ç–µ–ª–∏ –æ—Ç–∫–ª—é—á–∏–ª–∏ –Ω–∞—Å –æ—Ç —Å–∏—Å—Ç–µ–º ECM, —Ç–æ –∫–æ–º–ø–∞–Ω–∏—è S7 Techlab —Ä–∞–∑—Ä–∞–±–æ—Ç–∞–ª–∞ —Å–æ–±—Å—Ç–≤–µ–Ω–Ω—É—é —Å–∏—Å—Ç–µ–º—É. –í –¥–∞–Ω–Ω–æ–º –ø—Ä–æ–µ–∫—Ç–µ –≤–∞–º –Ω—É–∂–Ω–æ –±—É–¥–µ—Ç —Å–º–æ–¥–µ–ª–∏—Ä–æ–≤–∞—Ç—å –∞–≤–∏–∞—Ü–∏–æ–Ω–Ω—ã–π –¥–≤–∏–≥–∞—Ç–µ–ª—å –Ω–∞ –æ—Å–Ω–æ–≤–µ –¥–∏—Ñ—Ñ–µ—Ä–µ–Ω—Ü–∏–∞–ª—å–Ω—ã—Ö —É—Ä–∞–≤–Ω–µ–Ω–∏–π, –∞ —Ç–∞–∫–∂–µ –æ–±—É—á–∏—Ç—å –∞–ª–≥–æ—Ä–∏—Ç–º—ã –º–∞—à–∏–Ω–Ω–æ–≥–æ –æ–±—É—á–µ–Ω–∏—è –¥–ª—è –ø—Ä–æ–≥–Ω–æ–∑–∏—Ä–æ–≤–∞–Ω–∏—è –ø–∞—Ä–∞–º–µ—Ç—Ä–æ–≤ –¥–≤–∏–≥–∞—Ç–µ–ª–µ–π —Ä–∞–∑–ª–∏—á–Ω—ã—Ö –ø—Ä–æ–∏–∑–≤–æ–¥–∏—Ç–µ–ª–µ–π. –ù–∞ –æ—Å–Ω–æ–≤–µ –æ–±—É—á–µ–Ω–Ω—ã—Ö –º–æ–¥–µ–ª–µ–π –Ω–µ–æ–±—Ö–æ–¥–∏–º–æ –≤—ã—è–≤–∏—Ç—å –∑–∞–∫–æ–Ω–æ–º–µ—Ä–Ω–æ—Å—Ç–∏ –º–µ–∂–¥—É –≤—Ö–æ–¥–Ω—ã–º–∏ –∏ –≤—ã—Ö–æ–¥–Ω—ã–º–∏ –ø–∞—Ä–∞–º–µ—Ç—Ä–∞–º–∏.
–£ –≤–∞—Å –±—É–¥–µ—Ç —É–Ω–∏–∫–∞–ª—å–Ω–∞—è –≤–æ–∑–º–æ–∂–Ω–æ—Å—Ç—å –ø–æ—Ä–∞–±–æ—Ç–∞—Ç—å —Å —Ä–µ–∞–ª—å–Ω—ã–º–∏ –¥–∞–Ω–Ω—ã–º–∏ —Å –≥—Ä–∞–∂–¥–∞–Ω—Å–∫–∏—Ö —Å–∞–º–æ–ª–µ—Ç–æ–≤, –∞ –ø–æ –∏—Ç–æ–≥–∞–º —Ä–∞–±–æ—Ç—ã –ø–æ–ª—É—á–∏—Ç—å —Ä–µ—à–µ–Ω–∏–µ –≤–æ—Å—Ç—Ä–µ–±–æ–≤–∞–Ω–Ω–æ–µ —É –æ—Ç–µ—á–µ—Å—Ç–≤–µ–Ω–Ω—ã—Ö –∞–≤–∏–∞–∫–æ–º–ø–∞–Ω–∏–π. –ù–∞ —Å–µ–≥–æ–¥–Ω—è—à–Ω–∏–π –¥–µ–Ω—å –∫–æ–º–ø–∞–Ω–∏—è S7 –µ–¥–∏–Ω—Å—Ç–≤–µ–Ω–Ω–∞—è –æ–±–ª–∞–¥–∞–µ—Ç —Ç–µ—Ö–Ω–∏—á–µ—Å–∫–æ–π –±–∞–∑–æ–π –∏ –≤—Å–µ–º–∏ –Ω–µ–æ–±—Ö–æ–¥–∏–º—ã–º–∏ –¥–∞–Ω–Ω—ã–º–∏ –¥–ª—è –ø–æ–¥–¥–µ—Ä–∂–∫–∏ —Å–∏—Å—Ç–µ–º ECM –≤ –æ—Ç–µ—á–µ—Å—Ç–≤–µ–Ω–Ω–æ–π –∞–≤–∏–∞—Ü–∏–∏.","ML engineer, Python Backend, –ê–Ω–∞–ª–∏—Ç–∏–∫, –î–∏–∑–∞–π–Ω–µ—Ä, DevOps"
"–°–æ–∑–¥–∞–Ω–∏–µ –º–æ–¥–µ–ª–µ–π –º–∞—à–∏–Ω–Ω–æ–≥–æ –æ–±—É—á–µ–Ω–∏—è –ø–æ –∞—ç—Ä–æ—Ñ–æ—Ç–æ—Å–Ω–∏–º–∫–∞–º –¥–ª—è –ø–æ–∏—Å–∫–∞ —Å–∞–º–æ–ª–µ—Ç–æ–≤, –∫–æ—Ä–∞–±–ª–µ–π, –∞–≤—Ç–æ–º–æ–±–∏–ª–µ–π –∏ –ø—Ä–æ—á–µ–π —Ç–µ—Ö–Ω–∏–∫–∏","–í —Ä–∞–º–∫–∞—Ö –∑–∞–¥–∞—á–∏ –Ω—É–∂–Ω–æ –Ω–∞ –ø—Ä–µ–¥–æ—Å—Ç–∞–≤–ª–µ–Ω–Ω–æ–º –¥–∞—Ç–∞—Å–µ—Ç–µ —Å–æ–∑–¥–∞—Ç—å –∫–ª–∞—Å—Å–∏—Ñ–∏–∫–∞—Ç–æ—Ä –¥–ª—è 10 –≤–∏–¥–æ–≤ –æ–±—ä–µ–∫—Ç–æ–≤: 1. –õ–µ–≥–∫–æ–≤—ã–π –∞–≤—Ç–æ–º–æ–±–∏–ª—å 2. –°–ø–µ—Ü.—Ç–µ—Ö–Ω–∏–∫–∞ 3. –ì—Ä—É–∑–æ–≤–æ–π –∞–≤—Ç–æ–º–æ–±–∏–ª—å 4. –ê–≤—Ç–æ–±—É—Å 5. –ü–æ–µ–∑–¥ 6. –°–∞–º–æ–ª–µ—Ç 7. –í–µ—Ä—Ç–æ–ª–µ—Ç 8. –ú–∞–ª–µ–Ω—å–∫–æ–µ —Å—É–¥–Ω–æ 9. –°—Ä–µ–¥–Ω–µ–µ —Å—É–¥–Ω–æ 10. –ë–æ–ª—å—à–æ–µ —Å—É–¥–Ω–æ

–ò—Ç–æ–≥–æ–≤–æ–µ —Ä–µ—à–µ–Ω–∏–µ –¥–æ–ª–∂–Ω–æ –Ω–∞ –ø—Ä–µ–¥–æ—Å—Ç–∞–≤–ª–µ–Ω–Ω—ã—Ö –¥–ª—è —Ç–µ—Å—Ç–∞—Ö —Å–Ω–∏–º–∫–∞—Ö –Ω–∞–π—Ç–∏ –∏ –ø–æ—Å—á–∏—Ç–∞—Ç—å –∑–∞—è–≤–ª–µ–Ω–Ω—ã–µ –æ–±—ä–µ–∫—Ç—ã. 
","ML engineer, CV engineer, Python Backend, ML Ops Engineer, –ê–Ω–∞–ª–∏—Ç–∏–∫"
–í—ã—Ä—É–±–∫–∞ –ª–µ—Å–∞ –≤ –ê—Ä—Ö–∞–Ω–≥–ª–µ—å—Å–∫–µ,–û—Ü–µ–Ω–∫–∞ –æ–±—ä–µ–º–æ–≤ –≤—ã—Ä—É–±–∫–∏ –ª–µ—Å–∞ –≤ –ê—Ä—Ö–∞–Ω–≥–µ–ª—å—Å–∫–æ–∏ÃÜ –æ–±–ª–∞—Å—Ç–∏ —Å –∏—Å–ø–æ–ª—å–∑–æ–≤–∞–Ω–∏–µ–º –¥–∞–Ω–Ω—ã—Ö –î–ó–ó.,"–ê–Ω–∞–ª–∏—Ç–∏–∫, ML engineer, Python Backend, –î–∏–∑–∞–π–Ω–µ—Ä, –¢–µ—Å—Ç–∏—Ä–æ–≤—â–∏–∫"
–ü—Ä–æ–≥–Ω–æ–∑–∏—Ä–æ–≤–∞–Ω–∏–µ —á–∏—Å–ª–µ–Ω–Ω–æ—Å—Ç–∏ —É—á–∞—â–∏—Ö—Å—è –°–ü–û —Å —É—á–µ—Ç–æ–º —ç–∫–æ–Ω–æ–º–∏—á–µ—Å–∫–∏—Ö –ø–∞—Ä–∞–º–µ—Ç—Ä–æ–≤,"–†–µ—à–∞–µ—Ç—Å—è –∑–∞–¥–∞—á–∞ –ø—Ä–æ–≥–Ω–æ–∑–∞ —á–∏—Å–ª–µ–Ω–Ω–æ—Å—Ç–∏ –æ–±—É—á–∞—é—â–∏—Ö—Å—è –≤ –æ—Ä–≥–∞–Ω–∏–∑–∞—Ü–∏—è—Ö, –æ—Å—É—â–µ—Å—Ç–≤–ª—è—é—â–∏—Ö –æ–±—Ä. –¥–µ—è—Ç–µ–ª—å–Ω–æ—Å—Ç—å –ø–æ –æ–±—Ä–∞–∑–æ–≤–∞—Ç–µ–ª—å–Ω—ã–º –ø—Ä–æ–≥—Ä–∞–º–º–∞–º —Å—Ä–µ–¥–Ω–µ–≥–æ –ø—Ä–æ—Ñ–µ—Å—Å–∏–æ–Ω–∞–ª—å–Ω–æ–≥–æ –æ–±—Ä–∞–∑–æ–≤–∞–Ω–∏—è –ø–æ —Å—É–±—ä–µ–∫—Ç–∞–º –†–§. –ò—Å–ø–æ–ª—å–∑—É—é—Ç—Å—è –æ—Ç–∫—Ä—ã—Ç—ã–µ –¥–∞–Ω–Ω—ã–µ –ø–æ —á–∏—Å–ª–µ–Ω–Ω–æ—Å—Ç–∏ –æ–±—É—á–∞—é—â–∏—Ö—Å—è –∑–∞ –ø—Ä–æ—à–ª—ã–µ –≥–æ–¥–∞, —Ç–µ—Ä—Ä–∏—Ç–æ—Ä–∏–∞–ª—å–Ω—ã–µ —ç–∫–æ–Ω–æ–º–∏—á–µ—Å–∫–∏–µ –ø–∞—Ä–∞–º–µ—Ç—Ä—ã —Ä–µ–≥–∏–æ–Ω–∞, –º–∞–∫—Ä–æ—ç–∫–æ–Ω–æ–º–∏—á–µ—Å–∫–∏–µ —Ñ–∞–∫—Ç–æ—Ä—ã.","ML engineer, –ê–Ω–∞–ª–∏—Ç–∏–∫, Python Backend, –î–∏–∑–∞–π–Ω–µ—Ä, DevOps"
–û–ø—Ç–∏–º–∏–∑–∞—Ü–∏—è –æ–±—Å–ª—É–∂–∏–≤–∞–Ω–∏—è —Å–∫–≤–∞–∂–∏–Ω ,"–ù–∞ –æ—Å–Ω–æ–≤–∞–Ω–∏–∏ –æ–ø–∏—Å–∞–Ω–∏—è –∑–∞–¥–∞—á–∏ –ø–æ –æ–±—Å–ª—É–∂–∏–≤–∞–Ω–∏—é –Ω–µ—Ñ—Ç—è–Ω—ã—Ö —Å–∫–≤–∞–∂–∏–Ω –Ω–µ–æ–±—Ö–æ–¥–∏–º–æ —Å–æ–∑–¥–∞—Ç—å –º–∞—Ç–µ–º–∞—Ç–∏—á–µ—Å–∫—É—é –º–æ–¥–µ–ª—å –ø–æ–∏—Å–∫–∞ –æ–ø—Ç–∏–º–∞–ª—å–Ω–æ–≥–æ —Ä–µ—à–µ–Ω–∏—è —Å —É—á–µ—Ç–æ–º —Å–ª–µ–¥—É—é—â–∏—Ö —Ç—Ä–µ–±–æ–≤–∞–Ω–∏–π:

‚Ä¢	–º–æ–¥–µ–ª—å –¥–æ–ª–∂–Ω–∞ —É—á–∏—Ç—ã–≤–∞—Ç—å –≤–æ–∑–º–æ–∂–Ω–æ—Å—Ç—å –µ–µ –ø–æ—Å–ª–µ–¥—É—é—â–µ–π —Ä–µ–∞–ª–∏–∑–∞—Ü–∏–∏ –ø—Ä–æ–≥—Ä–∞–º–º–Ω—ã–º–∏ –º–µ—Ç–æ–¥–∞–º–∏;

‚Ä¢	–º–æ–¥–µ–ª—å –¥–æ–ª–∂–Ω–∞ —É—á–∏—Ç—ã–≤–∞—Ç—å –≤–æ–∑–º–æ–∂–Ω–æ—Å—Ç—å –ø–æ–∏—Å–∫–∞ –æ–ø—Ç–∏–º–∞–ª—å–Ω–æ–≥–æ —Ä–µ—à–µ–Ω–∏—è –ø—É—Ç–µ–º –¥—Ä–æ–±–ª–µ–Ω–∏—è –∑–∞–¥–∞—á–∏ (–æ–±—â–µ–≥–æ –Ω–∞–±–æ—Ä–∞ –¥–∞–Ω–Ω—ã—Ö) –Ω–∞ –∫–æ–Ω—Å–∏—Å—Ç–µ–Ω—Ç–Ω—ã–µ –ø–æ–¥–º–Ω–æ–∂–µ—Å—Ç–≤–∞ –∏ –ø–æ—Å–ª–µ–¥–æ–≤–∞—Ç–µ–ª—å–Ω–æ–µ —Ä–µ—à–µ–Ω–∏–µ –∑–∞–¥–∞—á–∏ –Ω–∞ –±–æ–ª–µ–µ –∫–æ—Ä–æ—Ç–∫–∏—Ö –≤—Ä–µ–º–µ–Ω–Ω—ã—Ö –∏–Ω—Ç–µ—Ä–≤–∞–ª–∞—Ö.
","ML engineer, –ê–Ω–∞–ª–∏—Ç–∏–∫, Python Backend, DevOps, –î–∏–∑–∞–π–Ω–µ—Ä"
–ü–æ—Å—Ç—Ä–æ–µ–Ω–∏–µ –≤–æ–ø—Ä–æ—Å-–æ—Ç–≤–µ—Ç–Ω–æ–≥–æ —á–∞—Ç-–±–æ—Ç–∞ –Ω–∞ –æ—Å–Ω–æ–≤–∞–Ω–∏–∏ —Ç–µ—Ö–Ω–æ–ª–æ–≥–∏–∏ Retrieval-Augmented Generation,"–ò–º–µ—è —Ç–µ–∫—Å—Ç–æ–≤—É—é –¥–æ–∫—É–º–µ–Ω—Ç–∞—Ü–∏—é, —Ä–∞–∑–±–∏–≤–∞–µ–º –µ—ë –Ω–∞ —Ñ—Ä–∞–≥–º–µ–Ω—Ç—ã, –¥–∞–ª–µ–µ –≤ –æ—Ç–≤–µ—Ç –Ω–∞ –∑–∞–ø—Ä–æ—Å –ø–æ–ª—å–∑–æ–≤–∞—Ç–µ–ª—è –∏—â–µ–º –∞–∫—Ç—É–∞–ª—å–Ω—ã–µ —Ñ—Ä–∞–≥–º–µ–Ω—Ç—ã, –∑–∞–∫–∏–¥—ã–≤–∞–µ–º –∏—Ö –≤ –∑–∞–ø—Ä–æ—Å GPT –∏ –ø–æ–ª—É—á–∞–µ–º —Ä–µ–ª–µ–≤–∞–Ω—Ç–Ω—ã–π –æ—Ç–≤–µ—Ç. –ò—Å–ø–æ–ª—å–∑—É–µ–º —Ñ—Ä–µ–π–º–≤–æ—Ä–∫ LangChain","ML engineer, Python Backend, DevOps, –ê–Ω–∞–ª–∏—Ç–∏–∫, –î–∏–∑–∞–π–Ω–µ—Ä"
–ü—Ä–æ–≥–Ω–æ–∑ –ø—Ä–∏—Ä–æ–¥–Ω—ã—Ö –∫–∞—Ç–∞—Å—Ç—Ä–æ—Ñ –≤ –°–æ—á–∏,"–ü—Ä–æ–≥–Ω–æ–∑–∏—Ä–æ–≤–∞–Ω–∏–µ –æ–ø–∞—Å–Ω—ã—Ö —Å–∏—Ç—É–∞—Ü–∏–∏ÃÜ (–æ–ø–æ–ª–∑–Ω–∏, —Å–µ–ª–∏, –æ–±–≤–∞–ª—ã) –≤ —Ä–∞–∏ÃÜ–æ–Ω–µ –ë–æ–ª—å—à–æ–≥–æ –°–æ—á–∏ –ø–æ –¥–∞–Ω–Ω—ã–º –î–ó–ó.","ML engineer, Python Backend, –ê–Ω–∞–ª–∏—Ç–∏–∫, CV engineer, ML Ops Engineer"
"–°–æ–∑–¥–∞–Ω–∏–µ –º–æ–¥–µ–ª–µ–π –º–∞—à–∏–Ω–Ω–æ–≥–æ –æ–±—É—á–µ–Ω–∏—è –ø–æ –∫–æ—Å–º–∏—á–µ—Å–∫–∏–º —Å–Ω–∏–º–∫–∞–º —Å–≤–µ—Ä—Ö–≤—ã—Å–æ–∫–æ–≥–æ –ø—Ä–æ—Å—Ç—Ä–∞–Ω—Å—Ç–≤–µ–Ω–Ω–æ–≥–æ —Ä–∞–∑—Ä–µ—à–µ–Ω–∏—è –¥–ª—è –ø–æ–∏—Å–∫–∞ —Å–∞–º–æ–ª–µ—Ç–æ–≤, –∫–æ—Ä–∞–±–ª–µ–π, –∞–≤—Ç–æ–º–æ–±–∏–ª–µ–π –∏ –ø—Ä–æ—á–µ–π —Ç–µ—Ö–Ω–∏–∫–∏","–í —Ä–∞–º–∫–∞—Ö –∑–∞–¥–∞—á–∏ –Ω—É–∂–Ω–æ –Ω–∞ –ø—Ä–µ–¥–æ—Å—Ç–∞–≤–ª–µ–Ω–Ω–æ–º –¥–∞—Ç–∞—Å–µ—Ç–µ —Å–æ–∑–¥–∞—Ç—å –∫–ª–∞—Å—Å–∏—Ñ–∏–∫–∞—Ç–æ—Ä –¥–ª—è 10 –≤–∏–¥–æ–≤ –æ–±—ä–µ–∫—Ç–æ–≤: 1. –õ–µ–≥–∫–æ–≤—ã–π –∞–≤—Ç–æ–º–æ–±–∏–ª—å 2. –°–ø–µ—Ü.—Ç–µ—Ö–Ω–∏–∫–∞ 3. –ì—Ä—É–∑–æ–≤–æ–π –∞–≤—Ç–æ–º–æ–±–∏–ª—å 4. –ê–≤—Ç–æ–±—É—Å 5. –ü–æ–µ–∑–¥ 6. –°–∞–º–æ–ª–µ—Ç 7. –í–µ—Ä—Ç–æ–ª–µ—Ç 8. –ú–∞–ª–µ–Ω—å–∫–æ–µ —Å—É–¥–Ω–æ 9. –°—Ä–µ–¥–Ω–µ–µ —Å—É–¥–Ω–æ 10. –ë–æ–ª—å—à–æ–µ —Å—É–¥–Ω–æ

–ò—Ç–æ–≥–æ–≤–æ–µ —Ä–µ—à–µ–Ω–∏–µ –¥–æ–ª–∂–Ω–æ –Ω–∞ –ø—Ä–µ–¥–æ—Å—Ç–∞–≤–ª–µ–Ω–Ω—ã—Ö –¥–ª—è —Ç–µ—Å—Ç–∞—Ö —Å–Ω–∏–º–∫–∞—Ö –Ω–∞–π—Ç–∏ –∏ –ø–æ—Å—á–∏—Ç–∞—Ç—å –∑–∞—è–≤–ª–µ–Ω–Ω—ã–µ –æ–±—ä–µ–∫—Ç—ã. ","ML engineer, Python Backend, ML Ops Engineer, –ê–Ω–∞–ª–∏—Ç–∏–∫, –î–∏–∑–∞–π–Ω–µ—Ä"
–ö–ª–∞—Å—Å–∏—Ñ–∏–∫–∞—Ü–∏—è —Å–µ–ª—å—Ö–æ–∑–∫—É–ª—å—Ç—É—Ä –ö—Ä–∞—Å–Ω–æ–¥–∞—Ä—Å–∫–æ–≥–æ –∫—Ä–∞—è,"–ö–ª–∞—Å—Å–∏—Ñ–∏–∫–∞—Ü–∏–∏ —Ä–∞–∑–ª–∏—á–Ω—ã—Ö —Å–µ–ª—å—Å–∫–æ—Ö–æ–∑—è–∏ÃÜ—Å—Ç–≤–µ–Ω–Ω—ã—Ö –∫—É–ª—å—Ç—É—Ä (–ø—à–µ–Ω–∏—Ü–∞, —Ä–æ–∂—å, —è—á–º–µ–Ω—å, –æ–≤–µ—Å, —Ñ—É—Ä–∞–∂–Ω—ã–µ —Ç—Ä–∞–≤—ã, –ø–æ–¥—Å–æ–ª–Ω–µ—á–Ω–∏–∫, —Å–æ—è, —Å–∞—Ö–∞—Ä–Ω–∞—è —Å–≤–µ–∫–ª–∞) –≤ –ö—Ä–∞—Å–Ω–æ–¥–∞—Ä—Å–∫–æ–º –∫—Ä–∞–µ –Ω–∞ —Å–ø—É—Ç–Ω–∏–∫–æ–≤—ã—Ö —Å–Ω–∏–º–∫–∞—Ö —Å –∏—Å–ø–æ–ª—å–∑–æ–≤–∞–Ω–∏–µ–º –Ω–µ–∏ÃÜ—Ä–æ–Ω–Ω—ã—Ö —Å–µ—Ç–µ–∏ÃÜ –∏ –∏–Ω–¥–µ–∫—Å–∞ NDVI.","ML engineer, Python Backend, –ê–Ω–∞–ª–∏—Ç–∏–∫, –î–∏–∑–∞–π–Ω–µ—Ä, DevOps"
–ü–∞–π–ø–ª–∞–π–Ω –∫–ª–∞—Å—Å–∏—Ñ–∏–∫–∞—Ü–∏–∏ –∫–æ—Å–º–∏—á–µ—Å–∫–∏—Ö —Å–Ω–∏–º–∫–æ–≤,–ê–ª–≥–æ—Ä–∏—Ç–º—ã –∞–≤—Ç–æ–º–∞—Ç–∏–∑–∏—Ä–æ–≤–∞–Ω–Ω–æ–∏ÃÜ –∫–ª–∞—Å—Å–∏—Ñ–∏–∫–∞—Ü–∏–∏ –∫–æ—Å–º–∏—á–µ—Å–∫–∏—Ö —Å–Ω–∏–º–∫–æ–≤: –∞–ª–≥–æ—Ä–∏—Ç–º—ã –ø–æ–ø–∏–∫—Å–µ–ª—å–Ω–æ–∏ÃÜ –∏ –æ–±—ä–µ–∫—Ç–Ω–æ- –æ—Ä–∏–µ–Ω—Ç–∏—Ä–æ–≤–∞–Ω–Ω–æ–∏ÃÜ –∫–ª–∞—Å—Å–∏—Ñ–∏–∫–∞—Ü–∏–∏,"ML engineer, Python Backend, –ê–Ω–∞–ª–∏—Ç–∏–∫, –î–∏–∑–∞–π–Ω–µ—Ä, DevOps"
–ö–ª–∞—Å—Å–∏—Ñ–∏–∫–∞—Ü–∏—è —Ç–∏–ø–∞ –ª–∏—á–Ω–æ—Å—Ç–∏ –∫–ª–∏–µ–Ω—Ç–∞ –∞–ª–≥–æ—Ä–∏—Ç–º–∞–º–∏ –º–∞—à–∏–Ω–Ω–æ–≥–æ –æ–±—É—á–µ–Ω–∏—è c —É—á–µ—Ç–æ–º —ç–∫–æ–Ω–æ–º–∏—á–µ—Å–∫–∏—Ö –ø–∞—Ä–∞–º–µ—Ç—Ä–æ–≤ –∫–æ–Ω—Ç–µ–∫—Å—Ç–Ω—ã—Ö –¥–∞–Ω–Ω—ã—Ö,"–†–µ—à–∞–µ—Ç—Å—è –∑–∞–¥–∞—á–∞ –∫–ª–∞—Å—Å–∏—Ñ–∏–∫–∞—Ü–∏–∏ –Ω–∞ –æ—Å–Ω–æ–≤–µ –ø–æ–ª—É—á–µ–Ω–Ω—ã—Ö –¥–∞–Ω–Ω—ã—Ö –æ –∫–ª–∏–µ–Ω—Ç–µ –∏–∑ –∞–Ω–∫–µ—Ç, –∏—Å–ø–æ–ª—å–∑—É—è –∞–ª–≥–æ—Ä–∏—Ç–º—ã ML. –ö–æ–Ω—Ç–µ–∫—Å—Ç–Ω—ã–µ –¥–∞–Ω–Ω—ã–µ –∫–ª–∏–µ–Ω—Ç–∞ (–º–µ—Å—Ç–æ –ø—Ä–æ–∂–∏–≤–∞–Ω–∏—è –∫–ª–∏–µ–Ω—Ç–∞ –∏ —Ç.–ø.) –æ—Ü–µ–Ω–∏–≤–∞—é—Ç—Å—è —Å —Ç–æ—á–∫–∏ –∑—Ä–µ–Ω–∏—è —ç–∫–æ–Ω–æ–º–∏—á–µ—Å–∫–∏—Ö –ø–∞—Ä–∞–º–µ—Ç—Ä–æ–≤, –Ω–∞–π–¥–µ–Ω–Ω—ã—Ö –≤ –æ—Ç–∫—Ä—ã—Ç—ã—Ö –∏—Å—Ç–æ—á–Ω–∏–∫–∞—Ö.","ML engineer, –ê–Ω–∞–ª–∏—Ç–∏–∫, –î–∏–∑–∞–π–Ω–µ—Ä, Python Backend, –¢–µ—Å—Ç–∏—Ä–æ–≤—â–∏–∫"
–ö–∞—Ä—Ç–∞ –ø–æ–≤—Ä–µ–∂–¥–µ–Ω–∏–π —Ç–µ—Ä—Ä–∏—Ç–æ—Ä–∏–π,"–ê–ª–≥–æ—Ä–∏—Ç–º—ã –ø–æ —Ä–∞—Å–ø–æ–∑–Ω–∞–≤–∞–Ω–∏—é –∫–∞—Ä—å–µ—Ä–æ–≤, –≤—ã—Ä—É–±–æ–∫, –≥–∞—Ä–µ–∏ÃÜ, —É—á–∞—Å—Ç–∫–æ–≤ –∏—Å–ø–æ–ª—å–∑—É–µ–º–æ–∏ÃÜ –ø–∞—à–Ω–∏, —É—á–∞—Å—Ç–∫–æ–≤ –ª–µ—Å–∞ —Å –ø–æ–º–æ—â—å—é —Ç–µ—Ö–Ω–æ–ª–æ–≥–∏–∏ÃÜ –º–∞—à–∏–Ω–Ω–æ–≥–æ –æ–±—É—á–µ–Ω–∏—è –∏ –∫–æ–º–ø—å—é—Ç–µ—Ä–Ω–æ–≥–æ –∑—Ä–µ–Ω–∏—è –Ω–∞ —Ç–µ—Ä—Ä–∏—Ç–æ—Ä–∏–∏ –õ–µ–Ω–∏–Ω–≥—Ä–∞–¥—Å–∫–æ–∏ÃÜ –æ–±–ª–∞—Å—Ç–∏","ML engineer, CV engineer, Python Backend, –ê–Ω–∞–ª–∏—Ç–∏–∫, –î–∏–∑–∞–π–Ω–µ—Ä"
–ì–µ–Ω–µ—Ä–∞—Ü–∏—è –∫–æ–º–∏–∫—Å–∞ –¥–ª—è –∞–±–∏—Ç—É—Ä–∏–µ–Ω—Ç–æ–≤ –ú–ê–ò —Å –∫–æ–Ω—Å–∏—Å—Ç–µ–Ω—Ç–Ω—ã–º–∏ –ø–µ—Ä—Å–æ–Ω–∞–∂–∞–º–∏ –Ω–∞ –æ—Å–Ω–æ–≤–µ —Ç–µ—Ö–Ω–æ–ª–æ–≥–∏–∏ outpainting,"–° –ø–æ–º–æ—â—å—é –æ–¥–Ω–æ–≥–æ –∑–∞–ø—Ä–æ—Å–∞ –≥–µ–Ω–µ—Ä–∏—Ä—É–µ–º –æ–¥–Ω–æ –∏–∑–æ–±—Ä–∞–∂–µ–Ω–∏–µ —Å –Ω–µ—Å–∫–æ–ª—å–∫–∏–º–∏ –∫–∞—Ä—Ç–∏–Ω–∫–∞–º–∏, –ø–æ—Å–ª–µ —á–µ–≥–æ –∏—Å–ø–æ–ª—å–∑—É–µ–º zoom out / outpainting –¥–ª—è –ø–æ–ª—É—á–µ–Ω–∏—è –±–æ–ª—å—à–æ–≥–æ –∫–æ–ª–∏—á–µ—Å—Ç–≤–∞ –≤–∞—Ä–∏–∞—Ü–∏–π –∏–∑–æ–±—Ä–∞–∂–µ–Ω–∏—è.
https://twitter.com/chaseleantj/status/1693246015124713634","ML engineer, –î–∏–∑–∞–π–Ω–µ—Ä, Frontend, Python Backend, –ê–Ω–∞–ª–∏—Ç–∏–∫"
"–†–∞–∑—Ä–∞–±–æ—Ç–∫–∞ –ü–û –Ω–∞ –ü–ö –¥–ª—è —É–ø—Ä–∞–≤–ª–µ–Ω–∏—è –ø–∞–Ω–µ–ª—å—é –∏–Ω–¥–∏–∫–∞—Ü–∏–∏ —Å –æ–±—Ä–∞—Ç–Ω–æ–π —Å–≤—è–∑—å—é (qt, C/C++, Ethernet UDP)","**–û–±–º–µ–Ω eth udp**

1. –ü–æ–∏—Å–∫ —Å–æ–±—Å—Ç–≤–µ–Ω–Ω–æ–≥–æ ip-–∞–¥—Ä–µ—Å–∞ –≤ –Ω–µ–æ–±—Ö–æ–¥–∏–º–æ–π –ø–æ–¥—Å–µ—Ç–∏
2. –ü—Ä–∏—ë–º –¥–∞–Ω–Ω—ã—Ö
3. –û—Ç–ø—Ä–∞–≤–∫–∞ –¥–∞–Ω–Ω—ã—Ö
4. –ü—Ä–æ—Ç–æ–∫–æ–ª –æ–±–º–µ–Ω–∞

**–î–∏–∑–∞–π–Ω –∏–Ω—Ç–µ—Ä—Ñ–µ–π—Å–∞**

1. –ò–Ω–¥–∏–∫–∞—Ü–∏—è –æ–±–º–µ–Ω–∞
2. –ò–Ω–¥–∏–∫–∞—Ü–∏—è –æ—à–∏–±–∫–∏ –æ–±–º–µ–Ω–∞
3. –ù–µ—Å–∫–æ–ª—å–∫–æ –∫–Ω–æ–ø–æ–∫ —Å –æ–±—Ä–∞—Ç–Ω–æ–π —Å–≤—è–∑—å—é
4. –ê–Ω–∏–º–∞—Ü–∏—è –æ–∂–∏–¥–∞–Ω–∏—è –æ—Ç–≤–µ—Ç–∞","C++ Backend, Frontend, –î–∏–∑–∞–π–Ω–µ—Ä, –¢–µ—Å—Ç–∏—Ä–æ–≤—â–∏–∫, –ê–Ω–∞–ª–∏—Ç–∏–∫"
–ú–æ–¥–µ–ª–∏—Ä–æ–≤–∞–Ω–∏–µ —Ä–∞–±–æ—Ç—ã –º–µ—à–∞–ª–æ–∫ –¥–ª—è –ø–µ—Ä–µ–º–µ—à–∏–≤–∞–Ω–∏—è –∞–∫—Ç–∏–≤–Ω–æ–≥–æ –∏–ª–∞ —Å –≤–æ–¥–æ–π,"**–¢–∏–ø –ø—Ä–æ–µ–∫—Ç–∞ (—Å–µ—Ä–≤–∏—Å, –ø—Ä–æ–¥—É–∫—Ç, –º–æ–¥–µ–ª—å, –∞–ª–≥–æ—Ä–∏—Ç–º –∏ —Ç.–ø.):**
–ú–æ–¥–µ–ª—å


**–¶–µ–ª—å –ø—Ä–æ–µ–∫—Ç–∞:**
–ü–æ–¥–±–æ—Ä –∏ —Ä–∞—Å—Å—Ç–∞–Ω–æ–≤–∫–∞ –º–µ—à–∞–ª–æ–∫ –≤ —Å–æ–æ—Ä—É–∂–µ–Ω–∏–∏ –±–∏–æ–ª–æ–≥–∏—á–µ—Å–∫–æ–π –æ—á–∏—Å—Ç–∫–∏ —Å—Ç–æ—á–Ω–æ–π –≤–æ–¥—ã –Ω–∞ –æ—Å–Ω–æ–≤–µ —Ö–∞—Ä–∞–∫—Ç–µ—Ä–∏—Å—Ç–∏–∫ —Ä–∞–±–æ—Ç—ã —É—Å—Ç—Ä–æ–π—Å—Ç–≤–∞ —Å —Ü–µ–ª—å—é –ø–æ–¥–±–æ—Ä–∞ –æ–ø—Ç–∏–º–∞–ª—å–Ω—ã—Ö —Ä–µ–∂–∏–º–æ–≤ –ø–µ—Ä–µ–º–µ—à–∏–≤–∞–Ω–∏—è 


**–ó–∞–¥–∞—á–∏ –ø—Ä–æ–µ–∫—Ç–∞:**

1. —Å–æ–∑–¥–∞–Ω–∏–µ –∏ —Ä–∞—Å–ø—Ä–µ–¥–µ–ª–µ–Ω–∏–µ —Ä–æ–ª–µ–π –≤ –∫–æ–º–∞–Ω–¥–µ
2. –≤—ã–±–æ—Ä –ø—Ä–æ–≥—Ä–∞–º–º—ã –¥–ª—è CFD-–º–æ–¥–µ–ª–∏—Ä–æ–≤–∞–Ω–∏—è
3. —Ä–∞–∑—Ä–∞–±–æ—Ç–∫–∞ –≥–µ–æ–º–µ—Ç—Ä–∏–∏
4. –ø–æ–¥–±–æ—Ä –æ–±–æ—Ä—É–¥–æ–≤–∞–Ω–∏—è-–º–µ—à–∞–ª–æ–∫ 
5. —Ä–∞—Å—Å—Ç–∞–Ω–æ–≤–∫–∞ –æ–±–æ—Ä—É–¥–æ–≤–∞–Ω–∏—è –≤ –º–æ–¥–µ–ª–∏
6. —Å–ø—Ä–æ–≥–Ω–æ–∑–∏—Ä–æ–≤–∞—Ç—å –∫–∞—Ä—Ç–∏–Ω—É —Ç–µ—á–µ–Ω–∏—è –∂–∏–¥–∫–æ—Å—Ç–∏ –∏ –æ—Å–∞–∂–¥–µ–Ω–∏—è –∞–∫—Ç–∏–≤–Ω–æ–≥–æ –∏–ª–∞
7. –æ–ø—Ä–µ–¥–µ–ª–µ–Ω–∏–µ —Å–∫–æ—Ä–æ—Å—Ç–µ–π –∏ –∑–∞—Å—Ç–æ–π–Ω—ã—Ö –∑–æ–Ω –≤ —Å–æ–æ—Ä—É–∂–µ–Ω–∏–∏ 


**–†–µ–∑—É–ª—å—Ç–∞—Ç –ø—Ä–æ–µ–∫—Ç–∞:**
CFD-–º–æ–¥–µ–ª—å, –ø–æ–∑–≤–æ–ª—è—é—â–∞—è —É–≤–∏–¥–µ—Ç—å —Å–∫–æ—Ä–æ—Å—Ç–∏, –∑–∞—Å—Ç–æ–π–Ω—ã–µ –∑–æ–Ω—ã –∏ –∫–∞–∫ —Å–ª–µ–¥—Å—Ç–≤–∏–µ –ø–æ–¥–æ–±—Ä–∞—Ç—å —Ç–∏–ø –æ–±–æ—Ä—É–¥–æ–≤–∞–Ω–∏—è –∏ –µ–≥–æ –∫–æ–ª–∏—á–µ—Å—Ç–≤–æ 


**–ù–µ–æ–±—Ö–æ–¥–∏–º—ã–µ —Ä–µ—Å—É—Ä—Å—ã –¥–ª—è –≤—ã–ø–æ–ª–Ω–µ–Ω–∏—è –ø—Ä–æ–µ–∫—Ç–∞:**
CFD-–º–æ–¥–µ–ª—å, –ø–æ–∑–≤–æ–ª—è—é—â–∞—è —É–≤–∏–¥–µ—Ç—å —Å–∫–æ—Ä–æ—Å—Ç–∏, –∑–∞—Å—Ç–æ–π–Ω—ã–µ –∑–æ–Ω—ã –∏ –∫–∞–∫ —Å–ª–µ–¥—Å—Ç–≤–∏–µ –ø–æ–¥–æ–±—Ä–∞—Ç—å —Ç–∏–ø –æ–±–æ—Ä—É–¥–æ–≤–∞–Ω–∏—è –∏ –µ–≥–æ –∫–æ–ª–∏—á–µ—Å—Ç–≤–æ ","ML engineer, –ê–Ω–∞–ª–∏—Ç–∏–∫, –î–∏–∑–∞–π–Ω–µ—Ä, Python Backend, DevOps"
–ü—Ä–æ–≥—Ä–∞–º–º–Ω–∞—è —Ä–µ–∞–ª–∏–∑–∞—Ü–∏—è SLAM –∞–ª–≥–æ—Ä–∏—Ç–º–æ–≤ —Å –∏—Å–ø–æ–ª—å–∑–æ–≤–∞–Ω–∏–µ–º —Ç–æ–ª—å–∫–æ –≤–∏–∑—É–∞–ª—å–Ω–æ–≥–æ –∫–∞–Ω–∞–ª–∞ –¥–∞–Ω–Ω—ã—Ö —Å —Ü–µ–ª—å—é –ø–æ–∏—Å–∫–∞ –æ–±—ä–µ–∫—Ç–æ–≤,"–ö—Ä–∞—Ç–∫–æ, –∑–∞–¥—É–º–∫–∞ –≤ —Å–ª–µ–¥—É—é—â–µ–º: –≤ —Å–∏–º—É–ª–∏—Ä—É–µ–º–æ–π —Å—Ä–µ–¥–µ —Å –±–æ–ª—å—à–∏–º –∫–æ–ª–∏—á–µ—Å—Ç–≤–æ–º —Å—Ç–æ—Ä–æ–Ω–Ω–∏—Ö –æ–±—ä–µ–∫—Ç–æ–≤ —É –Ω–∞—Å –±—É–¥–µ—Ç —Å—É—â–µ—Å—Ç–≤–æ–≤–∞—Ç—å —Ä–æ–±–æ—Ç, –≤ –∑–∞–¥–∞—á–∏ –∫–æ—Ç–æ—Ä–æ–≥–æ –±—É–¥–µ—Ç –≤—Ö–æ–¥–∏—Ç—å —Ä–µ—à–µ–Ω–∏–µ –∑–∞–¥–∞—á–∏ SLAM (–≤–æ–∑–º–æ–∂–Ω–æ —Ä–∞–∑–Ω—ã–º–∏ –∞–ª–≥–æ—Ä–∏—Ç–º–∞–º–∏), –∞ —Ç–∞–∫–∂–µ –æ–±–Ω–∞—Ä—É–∂–µ–Ω–∏–µ –∏ –æ—Ç–º–µ—Ç–∫–∞ –ª—é–¥–µ–π –Ω–∞ —Å—Ç—Ä–æ—è—â–µ–π—Å—è –∫–∞—Ä—Ç–µ. –î–ª—è —Å–æ–∑–¥–∞–Ω–∏—è —Ä–æ–±–æ—Ç–∞ –∏ —Å—Ä–µ–¥—ã –±—É–¥—É—Ç –∑–∞–¥–µ–π—Å—Ç–≤–æ–≤–∞–Ω—ã ROS –∏ Gazebo, –∞ –¥–ª—è –≤–∏–¥–µ–æ–¥–µ—Ç–µ–∫—Ü–∏–∏ –ª—é–¥–µ–π - –º–∞—à–∏–Ω–Ω–æ–µ –æ–±—É—á–µ–Ω–∏–µ. –ü—Ä–æ–¥–µ–ª–∞–Ω–Ω–∞—è —Ä–∞–±–æ—Ç–∞, —Ç–µ–æ—Ä–µ—Ç–∏—á–µ—Å–∫–∏, –±—É–¥–µ—Ç –∏–Ω—Ç–µ—Ä–µ—Å–Ω–∞, –Ω–∞–ø—Ä–∏–º–µ—Ä, –ú–ß–° –¥–ª—è –ø—Ä–æ–≤–µ–¥–µ–Ω–∏—è —Å–ø–∞—Å–∞—Ç–µ–ª—å–Ω—ã—Ö —Ä–∞–±–æ—Ç –≤ —Ä–∞–∑—Ä—É—à–µ–Ω–Ω—ã—Ö –ø–æ–º–µ—â–µ–Ω–∏—è—Ö.
","ML engineer, Python Backend, DevOps, CV engineer, –¢–µ—Å—Ç–∏—Ä–æ–≤—â–∏–∫"
–ü—Ä–∏–º–µ–Ω–µ–Ω–∏–µ –Ω–µ–π—Ä–æ–Ω–Ω—ã—Ö —Å–µ—Ç–µ–π –¥–ª—è –±–∞–ª–∞–Ω—Å–∏—Ä–æ–≤–∫–∏ –Ω–∞–≥—Ä—É–∑–∫–∏ –≤ –≤–µ–±-—Å–µ—Ä–≤–µ—Ä–∞—Ö (Nginx),"–ù–∞ –¥–∞–Ω–Ω—ã–π –º–æ–º–µ–Ω—Ç —Å–æ–≤—Ä–µ–º–µ–Ω–Ω—ã–µ –≤–µ–± –∏ –æ–±—Ä–∞—Ç–Ω—ã–µ –ø—Ä–æ–∫—Å–∏-—Å–µ—Ä–≤–µ—Ä—ã –ø–æ —Ç–∏–ø—É Ngixn, Haproxy, Apach –≤ —Ç–æ–º —á–∏—Å–ª–µ –∏ –ø—Ä–æ–¥—É–∫—Ç –°–±–µ—Ä—Ç–µ—Ö–∞ SynGX –∏—Å–ø–æ–ª—å–∑—É—é—Ç –∞–ª–≥–æ—Ä–∏—Ç–º—ã –±–∞–ª–∞–Ω—Å–∏—Ä–æ–≤–∫–∏ –Ω–∞–≥—Ä—É–∑–∫–∏ round-robin, Least Connection, ip-hash –¥–ª—è —É–ø—Ä–∞–≤–ª–µ–Ω–∏—è —Ç—Ä–∞—Ñ–∏–∫–æ–≤, —á—Ç–æ –Ω–µ —è–≤–ª—è–µ—Ç—Å—è –ø—Ä–µ–¥–µ–ª–æ–º —ç—Ñ—Ñ–µ–∫—Ç–∏–≤–Ω–æ—Å—Ç–∏ –¥–ª—è –≤—ã—Å–æ–∫–æ–Ω–∞–≥—Ä—É–∂–µ–Ω–Ω—ã—Ö —Å–∏—Å—Ç–µ–º. 
–í —Ä–∞–º–∫–∞—Ö –¥–∞–Ω–Ω–æ–π –∑–∞–¥–∞—á–∏ –ø—Ä–µ–¥–ª–∞–≥–∞–µ—Ç—Å—è —Ä–∞–∑—Ä–∞–±–æ—Ç–∞—Ç—å –º–æ–¥–µ–ª—å –≤–µ–±-—Å–µ—Ä–≤–µ—Ä–∞ —Å –ø—Ä–∏–º–µ–Ω–µ–Ω–∏–µ –Ω–µ–π—Ä–æ–Ω–Ω—ã—Ö —Å–µ—Ç–µ–π –≤ –∫–∞—á–µ—Å—Ç–≤–µ '—Ä–∞—Å–ø—Ä–µ–¥–µ–ª–∏—Ç–µ–ª—è' —Å–µ—Ç–µ–≤–æ–≥–æ —Ç—Ä–∞—Ñ–∏–∫–∞, —á—Ç–æ –ø–æ–∑–≤–æ–ª–∏—Ç —É–≤–µ–ª–∏—á–∏—Ç—å –ø—Ä–æ–∏–∑–≤–æ–¥–∏—Ç–µ–ª—å–Ω–æ—Å—Ç—å –∏ —Å–¥–µ–ª–∞–µ—Ç –¥–∞–Ω–Ω—ã–π –≤–µ–±-—Å–µ—Ä–≤–µ—Ä —É–Ω–∏–∫–∞–ª—å–Ω—ã–º –ø—Ä–æ–¥—É–∫—Ç–æ–º –Ω–∞ —Å–æ–≤—Ä–µ–º–µ–Ω–Ω–æ–º —Ä—ã–Ω–∫–µ.","ML engineer, DevOps, Python Backend, –ê–Ω–∞–ª–∏—Ç–∏–∫, –¢–µ—Å—Ç–∏—Ä–æ–≤—â–∏–∫"
–£—Å—Ç—Ä–∞–Ω–µ–Ω–∏–µ –≤–∏–¥–∏–º–æ–≥–æ —à—É–º–∞ —Å —Ñ–æ—Ç–æ–≥—Ä–∞—Ñ–∏–π –ø—Ä–∏ –ø–æ–º–æ—â–∏ —Å—Ä–µ–¥—Å—Ç–≤ –º–∞—à–∏–Ω–Ω–æ–≥–æ –æ–±—É—á–µ–Ω–∏—è,"–†–µ–∑—É–ª—å—Ç–∞—Ç–æ–º —Ä–∞–±–æ—Ç—ã –ø—Ä–µ–¥–ø–æ–ª–∞–≥–∞–µ—Ç—Å—è –≤–µ–±-—Å–µ—Ä–≤–∏—Å, –∏—Å–ø–æ–ª—å–∑—É—é—â–∏–π —Ä–∞–∑—Ä–∞–±–æ—Ç–∞–Ω–Ω—É—é —Å—Ç—É–¥–µ–Ω—Ç–æ–º –º–∞—Ç–µ–º–∞—Ç–∏—á–µ—Å–∫—É—é –º–æ–¥–µ–ª—å –¥–ª—è —É–¥–∞–ª–µ–Ω–∏—è —à—É–º–æ–≤—ã—Ö –¥–µ—Ñ–µ–∫—Ç–æ–≤ —Å –∑–∞–≥—Ä—É–∂–∞–µ–º—ã—Ö –Ω–∞ —ç—Ç–æ—Ç —Å–µ—Ä–≤–∏—Å –∏–∑–æ–±—Ä–∞–∂–µ–Ω–∏–π. 

–£–¥–∞–ª–µ–Ω–∏–µ —à—É–º–∞ - –æ–¥–Ω–∞ –∏–∑ —Å–∞–º—ã—Ö —Ä–∞—Å–ø—Ä–æ—Å—Ç—Ä–∞–Ω–µ–Ω–Ω—ã—Ö –∑–∞–¥–∞—á –∫–æ–º–ø—å—é—Ç–µ—Ä–Ω–æ–≥–æ –∑—Ä–µ–Ω–∏—è, –∏, –ø–æ–º–∏–º–æ –ø—Ä–æ—á–µ–≥–æ, —è–≤–ª—è–µ—Ç—Å—è –Ω–µ–ø–æ—Å—Ä–µ–¥—Å—Ç–≤–µ–Ω–Ω–æ–π —á–∞—Å—Ç—å—é –º–Ω–æ–∂–µ—Å—Ç–≤–∞ –¥—Ä—É–≥–∏—Ö –º–æ–¥–µ–ª–µ–π - –Ω–∞–ø—Ä–∏–º–µ—Ä, —É–¥–∞–ª–µ–Ω–∏–µ —à—É–º–æ–≤ –º–æ–∂–µ—Ç –∏—Å–ø–æ–ª—å–∑–æ–≤–∞—Ç—å—Å—è –¥–ª—è –ø–æ–¥–≥–æ—Ç–æ–≤–∫–∏ –∏–∑–æ–±—Ä–∞–∂–µ–Ω–∏–π –¥–ª—è –¥—Ä—É–≥–∏—Ö –º–æ–¥–µ–ª–µ–π –∏–ª–∏ –¥–ª—è –ø–æ—Å—Ç-–æ–±—Ä–∞–±–æ—Ç–∫–∏ —É–∂–µ —Å–≥–µ–Ω–µ—Ä–∏—Ä–æ–≤–∞–Ω–Ω—ã—Ö –∏–∑–æ–±—Ä–∞–∂–µ–Ω–∏–π.","ML engineer, CV engineer, Python Backend, DevOps, –¢–µ—Å—Ç–∏—Ä–æ–≤—â–∏–∫"
–ú–µ–¥–∏—Ü–∏–Ω—Å–∫–∞—è –∏–Ω—Ñ–æ—Ä–º–∞—Ü–∏–æ–Ω–Ω–∞—è –∞–Ω–∞–ª–∏—Ç–∏—á–µ—Å–∫–∞—è —Å–∏—Å—Ç–µ–º–∞,"–≠—Ç–∞ —Å–∏—Å—Ç–µ–º–∞ –¥–æ–ª–∂–Ω–∞ –ø–æ–º–æ–≥–∞—Ç—å –≤—Ä–∞—á–∞–º –±—ã—Å—Ç—Ä–µ–µ –∏ —É–¥–æ–±–Ω–µ–µ –≤–µ—Å—Ç–∏ –ø—Ä–∏—ë–º –∫–ª–∏–µ–Ω—Ç–æ–≤, —Å–æ—Å—Ç–∞–≤–ª–µ–Ω–∏–µ —ç–ª–µ–∫—Ç—Ä–æ–Ω–Ω—ã—Ö –º–µ–¥–∏—Ü–∏–Ω—Å–∫–∏—Ö –∫–∞—Ä—Ç –∏ –ø—Ä–æ—á–µ–µ.
–¢–∞–∫–∂–µ —Å –ø–æ–º–æ—â—å—é –∏–∏ –º–æ–∂–Ω–æ —Å–æ–∑–¥–∞—Ç—å –∏–∫–æ–Ω–∫–∏ –∏–Ω—Ç–µ—Ä—Ñ–µ–π—Å–∞, –∞–Ω–∞–ª–∏–∑ –¥–∞–Ω–Ω—ã—Ö –∫–ª–∏–µ–Ω—Ç–æ–≤.","Python Backend, ML engineer, –ê–Ω–∞–ª–∏—Ç–∏–∫, –î–∏–∑–∞–π–Ω–µ—Ä, –¢–µ—Å—Ç–∏—Ä–æ–≤—â–∏–∫"
–ê–≤—Ç–æ–º–∞—Ç–∏—á–µ—Å–∫–∏–π –∞–Ω–∞–ª–∏–∑ –º–Ω–µ–Ω–∏–π –∞–±–∏—Ç—É—Ä–∏–µ–Ω—Ç–æ–≤ –≤ —Å–æ—Ü.—Å–µ—Ç—è—Ö –Ω–∞ –æ—Å–Ω–æ–≤–µ –±–æ–ª—å—à–∏—Ö —è–∑—ã–∫–æ–≤—ã—Ö –º–æ–¥–µ–ª–µ–π,–ò—Å–ø–æ–ª—å–∑—É–µ–º ChatGPT –¥–ª—è –∏–∑–≤–ª–µ—á–µ–Ω–∏—è –∏–∑ —Ç–µ–∫—Å—Ç–æ–≤–æ–π –∏–Ω—Ñ–æ—Ä–º–∞—Ü–∏–∏ —Å—Ç—Ä—É–∫—Ç—É—Ä–∏—Ä–æ–≤–∞–Ω–Ω—ã—Ö –¥–∞–Ω–Ω—ã—Ö –∏ –Ω–∞ –æ—Å–Ω–æ–≤–µ –Ω–∏—Ö —Ä–∏—Å—É–µ–º –∏–Ω—Ñ–æ–≥—Ä–∞—Ñ–∏–∫—É / –¥–µ–ª–∞–µ–º –≤—ã–≤–æ–¥—ã –æ—Ç–Ω–æ—Å–∏—Ç–µ–ª—å–Ω–æ –Ω–∞—Å—Ç—Ä–æ–µ–Ω–∏–π –∞–±–∏—Ç—É—Ä–∏–µ–Ω—Ç–æ–≤.,"ML engineer, Python Backend, –ê–Ω–∞–ª–∏—Ç–∏–∫, –î–∏–∑–∞–π–Ω–µ—Ä, Frontend"
–°–æ–∑–¥–∞–Ω–∏–µ –ø—Ä–µ–¥—Å–∫–∞–∑–∞—Ç–µ–ª—å–Ω–æ–π –º–æ–¥–µ–ª–∏,"**–û–ø–∏—Å–∞–Ω–∏–µ –∑–∞–¥–∞—á–∏**

–í –∫—Ä—É–ø–Ω–æ–π —Ç–µ–ª–µ–∫–æ–º –∫–æ–º–ø–∞–Ω–∏–∏ –æ—Ä–≥–∞–Ω–∏–∑–æ–≤–∞–Ω–∞ –¥–æ—Ä–æ–≥–æ—Å—Ç–æ—è—â–∞—è –ø—Ä–æ–≥—Ä–∞–º–º–∞ –æ–±—É—á–µ–Ω–∏—è —Å –≤—ã–¥–∞—á–µ–π –æ—Ñ–∏—Ü–∏–∞–ª—å–Ω—ã—Ö –¥–∏–ø–ª–æ–º–æ–≤ –≤–µ–¥—É—â–µ–≥–æ –í–£–ó–∞. –ù–∞ –ø—Ä–æ–≥—Ä–∞–º–º—É –æ–±—É—á–µ–Ω–∏—è –º–æ–∂–µ—Ç –ø–æ–¥–∞—Ç—å –∑–∞—è–≤–∫—É –ª—é–±–æ–π —Å–æ—Ç—Ä—É–¥–Ω–∏–∫ –∫–æ–º–ø–∞–Ω–∏–∏ –Ω–µ–∑–∞–≤–∏—Å–∏–º–æ –æ—Ç —Ä–µ–≥–∏–æ–Ω–∞, —Å—Ç–∞–∂–∞ –∏ –¥–æ–ª–∂–Ω–æ—Å—Ç–∏ ‚Äì –æ–±—É—á–µ–Ω–∏–µ –Ω–∞ —ç—Ç–æ–π –ø—Ä–æ–≥—Ä–∞–º–º–µ –¥–æ—Å—Ç—É–ø–Ω–æ –ª—é–±–æ–º—É —Å–æ—Ç—Ä—É–¥–Ω–∏–∫—É.

–í —Ä–∞–º–∫–∞—Ö –æ—Ç–±–æ—Ä–∞ –Ω–∞ –ø—Ä–æ–≥—Ä–∞–º–º—É –ø—Ä–æ–≤–æ–¥–∏—Ç—Å—è —Å –ø–æ–º–æ—â—å—é –Ω–∞–ø–∏—Å–∞–Ω–∏—è –º–æ—Ç–∏–≤–∞—Ü–∏–æ–Ω–Ω–æ–≥–æ —ç—Å—Å–µ ‚Äì –∫–∞–Ω–¥–∏–¥–∞—Ç –Ω–∞ –ø—Ä–æ–≥—Ä–∞–º–º—É –¥–æ–ª–∂–µ–Ω –Ω–∞–ø–∏—Å–∞—Ç—å —Ä–∞–∑–≤–µ—Ä–Ω—É—Ç—ã–π –æ—Ç–≤–µ—Ç –Ω–∞ –Ω–µ—Å–∫–æ–ª—å–∫–æ –≤–æ–ø—Ä–æ—Å–æ–≤. –û—Ç–≤–µ—Ç—ã –∫–∞–Ω–¥–∏–¥–∞—Ç–æ–≤ –≤ –ø—Ä–æ–≥—Ä–∞–º–º—É –æ—Ü–µ–Ω–∏–≤–∞—é—Ç—Å—è –≤—Ä—É—á–Ω—É—é —ç–∫—Å–ø–µ—Ä—Ç–∞–º–∏. –ü–æ –∫–∞–∂–¥–æ–º—É –≤–æ–ø—Ä–æ—Å—É –ø—Ä–æ—Å—Ç–∞–≤–ª—è–µ—Ç—Å—è –±–∞–ª–ª –ø–æ –æ–ø—Ä–µ–¥–µ–ª–µ–Ω–Ω–æ–π —à–∫–∞–ª–µ. –ó–∞ –æ–ø—Ä–µ–¥–µ–ª–µ–Ω–Ω–æ–µ –≤—Ä–µ–º—è –Ω–∞–∫–æ–ø–∏–ª–∏—Å—å –¥–∞–Ω–Ω—ã–µ –ø–æ –º–æ—Ç–∏–≤–∞—Ü–∏–æ–Ω–Ω—ã–º —ç—Å—Å–µ –∏ –ø–æ—Å—Ç–∞–≤–ª–µ–Ω–Ω—ã–º –æ—Ü–µ–Ω–∫–∞–º (–¥–∞–Ω–Ω—ã–µ –ø—Ä–∏–ª–∞–≥–∞—é—Ç—Å—è).

**–ó–∞–¥–∞—á–∞:**
1.	–ù–∞ –æ—Å–Ω–æ–≤–µ –Ω–∞–∫–æ–ø–ª–µ–Ω–Ω—ã—Ö –¥–∞–Ω–Ω—ã—Ö –Ω–∞–ø–∏—Å–∞—Ç—å –∞–ª–≥–æ—Ä–∏—Ç–º, –∫–æ—Ç–æ—Ä—ã–π –ø—Ä–µ–¥—Å–∫–∞–∑—ã–≤–∞–µ—Ç –æ—Ü–µ–Ω–∫—É —ç–∫—Å–ø–µ—Ä—Ç–∞ –ø–æ —ç—Å—Å–µ. –†–∞—Å—Å—á–∏—Ç–∞—Ç—å —Ç–æ—á–Ω–æ—Å—Ç—å –ø—Ä–µ–¥—Å–∫–∞–∑–∞—Ç–µ–ª—å–Ω–æ–π –º–æ–¥–µ–ª–∏.
2.	–°–æ–∑–¥–∞—Ç—å –∏–Ω—Ç–µ—Ä—Ñ–µ–π—Å, –∫–æ—Ç–æ—Ä—ã–π –ø–æ–∑–≤–æ–ª–∏—Ç –ø–æ–ª—å–∑–æ–≤–∞—Ç–µ–ª—é –∑–∞–≥—Ä—É–∂–∞—Ç—å –Ω–æ–≤—ã–µ —Ç–µ–∫—Å—Ç—ã —ç—Å—Å–µ –¥–ª—è –æ–±—Ä–∞–±–æ—Ç–∫–∏ –∏ –ø–æ–ª—É—á–∞—Ç—å –æ—Ç—á–µ—Ç —Å –æ—Ü–µ–Ω–∫–∞–º–∏, –∞ —Ç–∞–∫–∂–µ –ø—Ä–µ–¥–ª–æ–∂–∏—Ç—å –≤–∞—Ä–∏–∞–Ω—Ç —Å –≤–∏–∑—É–∞–ª–∏–∑–∞—Ü–∏–µ–π –æ—Ç—á–µ—Ç–∞.
","ML engineer, Python Backend, Frontend, –ê–Ω–∞–ª–∏—Ç–∏–∫, –î–∏–∑–∞–π–Ω–µ—Ä"
–°–æ–∑–¥–∞–Ω–∏–µ —Ä–µ–∫–ª–∞–º–Ω–æ–≥–æ —Ä–æ–ª–∏–∫–∞ —Ü–∏—Ñ—Ä–æ–≤–æ–π –∫–∞—Ñ–µ–¥—Ä—ã –ú–ê–ò —Å –ø–æ–º–æ—â—å—é –≥–µ–Ω–µ—Ä–∞—Ç–∏–≤–Ω—ã—Ö –º–æ–¥–µ–ª–µ–π,"–ò—Å–ø–æ–ª—å–∑—É–µ–º –∫–æ–Ω—Å–∏—Å—Ç–µ–Ω—Ç–Ω—ã–µ —Ä–µ—Ñ–µ—Ä–µ–Ω—Å–Ω—ã–µ –∏–∑–æ–±—Ä–∞–∂–µ–Ω–∏—è –∏ –≥–µ–Ω–µ—Ä–∞—Ü–∏—é –≤–∏–¥–µ–æ (Runway Gen2). –ü–∏—à–µ–º –≤–º–µ—Å—Ç–µ —Å—Ü–µ–Ω–∞—Ä–∏–π —Å –ø–æ–º–æ—â—å—é LLM, –∑–∞—Ç–µ–º —Ä–∞–∑–±–∏–≤–∞–µ–º –Ω–∞ —Ñ—Ä–∞–≥–º–µ–Ω—Ç—ã, –≥–µ–Ω–µ—Ä–∏—Ä—É–µ–º—ã–µ —Å—Ç—É–¥–µ–Ω—Ç–∞–º–∏ –≥—Ä—É–ø–ø—ã.","–î–∏–∑–∞–π–Ω–µ—Ä, ML engineer, Python Backend, –ê–Ω–∞–ª–∏—Ç–∏–∫, –¢–µ—Å—Ç–∏—Ä–æ–≤—â–∏–∫"
–ú–æ–Ω–∏—Ç–æ—Ä–∏–Ω–≥ –ø–æ—Å–µ–≤–æ–≤ –≤ –ê–º—É—Ä—Å–∫–æ–π –æ–±–ª–∞—Å—Ç–∏,"–û–ø–µ—Ä–∞—Ç–∏–≤–Ω—ã–∏ÃÜ –º–æ–Ω–∏—Ç–æ—Ä–∏–Ω–≥ —Å–æ—Å—Ç–æ—è–Ω–∏—è –ø–æ—Å–µ–≤–æ–≤ –∏ —Ä–∞–≤–Ω–æ–º–µ—Ä–Ω–æ—Å—Ç–∏ –≤—Å—Ö–æ–¥–æ–≤ —è—á–º–µ–Ω—è, —Å–æ—Ä–Ω—è–∫–æ–≤ –ø–æ –¥–∞–Ω–Ω—ã–º —Å–ø—É—Ç–Ω–∏–∫–æ–≤—ã—Ö —Å–Ω–∏–º–∫–æ–≤ –≤ –ê–º—É—Ä—Å–∫–æ–∏ÃÜ –æ–±–ª–∞—Å—Ç–∏.","ML engineer, –ê–Ω–∞–ª–∏—Ç–∏–∫, Python Backend, DevOps, –î–∏–∑–∞–π–Ω–µ—Ä"
AI Service Scaler,"–ü—Ä–æ–µ–∫—Ç ""AI Service Scaler"" –Ω–∞–ø—Ä–∞–≤–ª–µ–Ω –Ω–∞ —Ä–∞–∑—Ä–∞–±–æ—Ç–∫—É —Å–∏—Å—Ç–µ–º—ã, –∫–æ—Ç–æ—Ä–∞—è —Å –ø–æ–º–æ—â—å—é –∏—Å–∫—É—Å—Å—Ç–≤–µ–Ω–Ω–æ–≥–æ –∏–Ω—Ç–µ–ª–ª–µ–∫—Ç–∞ (AI) –∞–≤—Ç–æ–º–∞—Ç–∏–∑–∏—Ä—É–µ—Ç –ø—Ä–æ—Ü–µ—Å—Å –º–∞—Å—à—Ç–∞–±–∏—Ä–æ–≤–∞–Ω–∏—è —Å–µ—Ä–≤–∏—Å–æ–≤ –≤ Kubernetes (k8s). –≠—Ç–æ—Ç –ø—Ä–æ–µ–∫—Ç –ø—Ä–µ–¥–ø–æ–ª–∞–≥–∞–µ—Ç –∏—Å–ø–æ–ª—å–∑–æ–≤–∞–Ω–∏–µ –ø–µ—Ä–µ–¥–æ–≤—ã—Ö —Ç–µ—Ö–Ω–æ–ª–æ–≥–∏–π –¥–ª—è –∞–Ω–∞–ª–∏–∑–∞ –∏ –ø—Ä–æ–≥–Ω–æ–∑–∏—Ä–æ–≤–∞–Ω–∏—è –ø–æ—Ç—Ä–µ–±–Ω–æ—Å—Ç–µ–π –≤ —Ä–µ—Å—É—Ä—Å–∞—Ö –ø—Ä–∏–ª–æ–∂–µ–Ω–∏–π, —Ä–∞–∑–≤–µ—Ä–Ω—É—Ç—ã—Ö –≤ –∫–ª–∞—Å—Ç–µ—Ä–∞—Ö Kubernetes, —á—Ç–æ –ø–æ–∑–≤–æ–ª—è–µ—Ç –æ—Å—É—â–µ—Å—Ç–≤–ª—è—Ç—å –º–∞—Å—à—Ç–∞–±–∏—Ä–æ–≤–∞–Ω–∏–µ –±–æ–ª–µ–µ —ç—Ñ—Ñ–µ–∫—Ç–∏–≤–Ω–æ –∏ –≤ –∞–≤—Ç–æ–º–∞—Ç–∏—á–µ—Å–∫–æ–º —Ä–µ–∂–∏–º–µ.

–¶–µ–ª–∏ –ø—Ä–æ–µ–∫—Ç–∞:
- –ê–≤—Ç–æ–º–∞—Ç–∏–∑–∞—Ü–∏—è –º–∞—Å—à—Ç–∞–±–∏—Ä–æ–≤–∞–Ω–∏—è: –†–∞–∑—Ä–∞–±–æ—Ç–∫–∞ —Å–∏—Å—Ç–µ–º—ã, —Å–ø–æ—Å–æ–±–Ω–æ–π —Å–∞–º–æ—Å—Ç–æ—è—Ç–µ–ª—å–Ω–æ –∞–Ω–∞–ª–∏–∑–∏—Ä–æ–≤–∞—Ç—å –Ω–∞–≥—Ä—É–∑–∫—É –Ω–∞ —Å–µ—Ä–≤–∏—Å—ã –∏ –Ω–∞ –æ—Å–Ω–æ–≤–µ —ç—Ç–∏—Ö –¥–∞–Ω–Ω—ã—Ö –ø—Ä–∏–Ω–∏–º–∞—Ç—å —Ä–µ—à–µ–Ω–∏—è –æ –Ω–µ–æ–±—Ö–æ–¥–∏–º–æ—Å—Ç–∏ –º–∞—Å—à—Ç–∞–±–∏—Ä–æ–≤–∞–Ω–∏—è –≤–≤–µ—Ä—Ö –∏–ª–∏ –≤–Ω–∏–∑.
- –ò–Ω—Ç–µ–≥—Ä–∞—Ü–∏—è —Å Kubernetes: –ì–ª—É–±–æ–∫–∞—è –∏–Ω—Ç–µ–≥—Ä–∞—Ü–∏—è —Å —ç–∫–æ—Å–∏—Å—Ç–µ–º–æ–π Kubernetes –¥–ª—è –æ–±–µ—Å–ø–µ—á–µ–Ω–∏—è —Å–æ–≤–º–µ—Å—Ç–∏–º–æ—Å—Ç–∏ –∏ –º–∞–∫—Å–∏–º–∞–ª—å–Ω–æ–π —ç—Ñ—Ñ–µ–∫—Ç–∏–≤–Ω–æ—Å—Ç–∏ —Ä–∞–±–æ—Ç—ã —Å–∏—Å—Ç–µ–º—ã.
- –ò—Å–ø–æ–ª—å–∑–æ–≤–∞–Ω–∏–µ AI –¥–ª—è –∞–Ω–∞–ª–∏–∑–∞ –¥–∞–Ω–Ω—ã—Ö: –ü—Ä–∏–º–µ–Ω–µ–Ω–∏–µ –∞–ª–≥–æ—Ä–∏—Ç–º–æ–≤ –∏—Å–∫—É—Å—Å—Ç–≤–µ–Ω–Ω–æ–≥–æ –∏–Ω—Ç–µ–ª–ª–µ–∫—Ç–∞ –¥–ª—è –∞–Ω–∞–ª–∏–∑–∞ –º–µ—Ç—Ä–∏–∫ —Ä–∞–±–æ—Ç—ã –ø—Ä–∏–ª–æ–∂–µ–Ω–∏–π –∏ –ø—Ä–µ–¥—Å–∫–∞–∑–∞–Ω–∏—è —Ç—Ä–µ–±–æ–≤–∞–Ω–∏–π –∫ —Ä–µ—Å—É—Ä—Å–∞–º.
- –ü–æ–≤—ã—à–µ–Ω–∏–µ —ç—Ñ—Ñ–µ–∫—Ç–∏–≤–Ω–æ—Å—Ç–∏ –∏—Å–ø–æ–ª—å–∑–æ–≤–∞–Ω–∏—è —Ä–µ—Å—É—Ä—Å–æ–≤: –û–ø—Ç–∏–º–∏–∑–∞—Ü–∏—è —Ä–∞—Å—Ö–æ–¥–æ–≤ –Ω–∞ –∏–Ω—Ñ—Ä–∞—Å—Ç—Ä—É–∫—Ç—É—Ä—É –∑–∞ —Å—á–µ—Ç –±–æ–ª–µ–µ —Ç–æ—á–Ω–æ–≥–æ –º–∞—Å—à—Ç–∞–±–∏—Ä–æ–≤–∞–Ω–∏—è —Å–µ—Ä–≤–∏—Å–æ–≤ –≤ —Å–æ–æ—Ç–≤–µ—Ç—Å—Ç–≤–∏–∏ —Å –∏—Ö —Ä–µ–∞–ª—å–Ω—ã–º–∏ –ø–æ—Ç—Ä–µ–±–Ω–æ—Å—Ç—è–º–∏.

–ö–ª—é—á–µ–≤—ã–µ –∫–æ–º–ø–æ–Ω–µ–Ω—Ç—ã:
- –ê–Ω–∞–ª–∏–∑–∞—Ç–æ—Ä—ã —Å–æ—Å—Ç–æ—è–Ω–∏—è —Å–µ—Ä–≤–∏—Å–æ–≤: –ú–æ–¥—É–ª–∏ –¥–ª—è –º–æ–Ω–∏—Ç–æ—Ä–∏–Ω–≥–∞ –∏ –∞–Ω–∞–ª–∏–∑–∞ —Ä–∞–±–æ—Ç—ã —Å–µ—Ä–≤–∏—Å–æ–≤ –≤ —Ä–µ–∞–ª—å–Ω–æ–º –≤—Ä–µ–º–µ–Ω–∏, –∏—Å–ø–æ–ª—å–∑—É—é—â–∏–µ AI –¥–ª—è –≤—ã—è–≤–ª–µ–Ω–∏—è —Ç–µ–Ω–¥–µ–Ω—Ü–∏–π –∏ –ø–∞—Ç—Ç–µ—Ä–Ω–æ–≤ –≤ –Ω–∞–≥—Ä—É–∑–∫–µ –Ω–∞ –ø—Ä–∏–ª–æ–∂–µ–Ω–∏—è.
- –ú–æ–¥—É–ª—å –ø—Ä–∏–Ω—è—Ç–∏—è —Ä–µ—à–µ–Ω–∏–π –æ –º–∞—Å—à—Ç–∞–±–∏—Ä–æ–≤–∞–Ω–∏–∏: –ö–æ–º–ø–æ–Ω–µ–Ω—Ç, –æ—Ç–≤–µ—á–∞—é—â–∏–π –∑–∞ –ø—Ä–∏–Ω—è—Ç–∏–µ —Ä–µ—à–µ–Ω–∏–π –æ –º–∞—Å—à—Ç–∞–±–∏—Ä–æ–≤–∞–Ω–∏–∏ –Ω–∞ –æ—Å–Ω–æ–≤–µ –∞–Ω–∞–ª–∏–∑–∞ –¥–∞–Ω–Ω—ã—Ö –∏ –ø—Ä–µ–¥—Å–∫–∞–∑–∞–Ω–∏–π AI.
- –ò–Ω—Ç–µ—Ä—Ñ–µ–π—Å –≤–∑–∞–∏–º–æ–¥–µ–π—Å—Ç–≤–∏—è —Å Kubernetes: –°–∏—Å—Ç–µ–º–∞ –±—É–¥–µ—Ç —Ç–µ—Å–Ω–æ –∏–Ω—Ç–µ–≥—Ä–∏—Ä–æ–≤–∞–Ω–∞ —Å Kubernetes –¥–ª—è –∞–≤—Ç–æ–º–∞—Ç–∏–∑–∞—Ü–∏–∏ –ø—Ä–æ—Ü–µ—Å—Å–∞ –º–∞—Å—à—Ç–∞–±–∏—Ä–æ–≤–∞–Ω–∏—è, –∏—Å–ø–æ–ª—å–∑—É—è —Å—Ç–∞–Ω–¥–∞—Ä—Ç–Ω—ã–µ –∏–Ω—Å—Ç—Ä—É–º–µ–Ω—Ç—ã –∏ API Kubernetes –¥–ª—è —É–ø—Ä–∞–≤–ª–µ–Ω–∏—è —Ä–µ—Å—É—Ä—Å–∞–º–∏.

–¢–µ—Ö–Ω–æ–ª–æ–≥–∏—á–µ—Å–∫–∞—è –±–∞–∑–∞:
–ü—Ä–æ–µ–∫—Ç –º–æ–∂–µ—Ç –æ–ø–∏—Ä–∞—Ç—å—Å—è –Ω–∞ —Å—É—â–µ—Å—Ç–≤—É—é—â–∏–µ —Ä–∞–∑—Ä–∞–±–æ—Ç–∫–∏ –≤ –æ–±–ª–∞—Å—Ç–∏ –∏–Ω—Ç–µ–≥—Ä–∞—Ü–∏–∏ AI —Å Kubernetes, —Ç–∞–∫–∏–µ –∫–∞–∫ k8sgpt –∏ Kubeflow. k8sgpt –ø—Ä–µ–¥–æ—Å—Ç–∞–≤–ª—è–µ—Ç –∏–Ω—Å—Ç—Ä—É–º–µ–Ω—Ç—ã –¥–ª—è –¥–∏–∞–≥–Ω–æ—Å—Ç–∏–∫–∏ –∏ –∞–Ω–∞–ª–∏–∑–∞ –∫–ª–∞—Å—Ç–µ—Ä–æ–≤ Kubernetes —Å –ø–æ–º–æ—â—å—é AI, –≤–∫–ª—é—á–∞—è –≤–æ–∑–º–æ–∂–Ω–æ—Å—Ç–∏ –¥–ª—è –≥–µ–Ω–µ—Ä–∞—Ü–∏–∏ –∏ –∞—É—Ç–µ–Ω—Ç–∏—Ñ–∏–∫–∞—Ü–∏–∏ API –∫–ª—é—á–µ–π OpenAI –∏ —É–ø—Ä–∞–≤–ª–µ–Ω–∏—è —Ñ–∏–ª—å—Ç—Ä–∞–º–∏ –∞–Ω–∞–ª–∏–∑–∞. Kubeflow, –≤ —Å–≤–æ—é –æ—á–µ—Ä–µ–¥—å, —è–≤–ª—è–µ—Ç—Å—è –ø—Ä–æ–µ–∫—Ç–æ–º, –Ω–∞–ø—Ä–∞–≤–ª–µ–Ω–Ω—ã–º –Ω–∞ —É–ø—Ä–æ—â–µ–Ω–∏–µ —Ä–∞–∑–≤–µ—Ä—Ç—ã–≤–∞–Ω–∏—è —Ä–∞–±–æ—á–∏—Ö –ø—Ä–æ—Ü–µ—Å—Å–æ–≤ –º–∞—à–∏–Ω–Ω–æ–≥–æ –æ–±—É—á–µ–Ω–∏—è –Ω–∞ Kubernetes, –æ–±–µ—Å–ø–µ—á–∏–≤–∞—è –ø—Ä–æ—Å—Ç—É—é, –ø–µ—Ä–µ–Ω–æ—Å–∏–º—É—é –∏ –º–∞—Å—à—Ç–∞–±–∏—Ä—É–µ–º—É—é –ø–ª–∞—Ç—Ñ–æ—Ä–º—É –¥–ª—è ML","ML engineer, DevOps, Python Backend, –ê–Ω–∞–ª–∏—Ç–∏–∫, C++ Backend"
–ú–µ—Ç–æ–¥—ã –≤–∏–∑—É–∞–ª—å–Ω–æ–≥–æ –æ—Å–º–æ—Ç—Ä–∞ —Å—Ç—Ä–æ–∏—Ç–µ–ª—å–Ω—ã—Ö –∫–æ–Ω—Å—Ç—Ä—É–∫—Ü–∏–π —Å –ø—Ä–∏–º–µ–Ω–µ–Ω–∏–µ–º –∞–≤—Ç–æ–Ω–æ–º–Ω—ã—Ö —Ä–æ–±–æ—Ç–æ–≤ –∏ –∞–ª–≥–æ—Ä–∏—Ç–º–æ–≤ –º–∞—à–∏–Ω–Ω–æ–≥–æ –æ–±—É—á–µ–Ω–∏—è,–ü—Ä–∏–º–µ–Ω–µ–Ω–∏–µ —Ä–æ–±–æ—Ç–æ–≤ –∫–∞–∫ –∑–∞–º–µ–Ω–∞ –≤–∏–∑—É–∞–ª—å–Ω–æ–≥–æ –∫–æ–Ω—Ç—Ä–æ–ª—è –Ω–∞ —Å—Ç—Ä–æ–π–∫–µ. –í –∫–∞—á–µ—Å—Ç–≤–µ —Ä–æ–±–æ—Ç–∞ –∏—Å–ø–æ–ª—å–∑—É–µ—Ç—Å—è –º–æ–¥–µ–ª—å Unitree A1 –ò–¢-–¶–µ–Ω—Ç—Ä–∞ (—Ä–æ–±–æ—Å–æ–±–∞–∫–∞ –î–æ—Ä–∞). –î–ª—è –∑–∞–ø—É—Å–∫–∞ –∞–ª–≥–æ—Ä–∏—Ç–º–æ–≤ –º–∞—à–∏–Ω–Ω–æ–≥–æ –æ–±—É—á–µ–Ω–∏—è –ø—Ä–∏–º–µ–Ω—è–µ—Ç—Å—è –º–∏–∫—Ä–æ–∫–æ–º–ø—å—é—Ç–µ—Ä Jetson Xavier,"ML engineer, DevOps, Python Backend, CV engineer, –î–∏–∑–∞–π–Ω–µ—Ä"
–ö–æ–Ω—Ç—Ä–æ–ª—å –ø–µ—Ä–µ–º–µ—â–µ–Ω–∏–π —Å—Ç—Ä–æ–∏—Ç–µ–ª—å–Ω—ã—Ö –∫–æ–Ω—Å—Ç—Ä—É–∫—Ü–∏–π —Å –ø—Ä–∏–º–µ–Ω–µ–Ω–∏–µ–º –∞–ª–≥–æ—Ä–∏—Ç–º–æ–≤ –º–∞—à–∏–Ω–Ω–æ–≥–æ –æ–±—É—á–µ–Ω–∏—è –∏ –∫–æ–º–ø—å—é—Ç–µ—Ä–Ω–æ–≥–æ –∑—Ä–µ–Ω–∏—è,"–†–∞–∑–≤–∏—Ç–∏–µ –º–µ—Ç–æ–¥–∏–∫ –¥–∏—Å—Ç–∞–Ω—Ü–∏–æ–Ω–Ω–æ–≥–æ –∫–æ–Ω—Ç—Ä–æ–ª—è –¥–µ—Ñ–æ—Ä–º–∞—Ü–∏–π –∏
–ø–µ—Ä–µ–º–µ—â–µ–Ω–∏–π (—Ñ–æ—Ç–æ–≥—Ä–∞–º–º–µ—Ç—Ä–∏—è, –≥—Ä–∞—Ñ–∏—á–µ—Å–∫–∏–µ –º–µ—Ç–∫–∏, –ø—Ä–æ–≥—Ä–∞–º–º—ã –æ–±—Ä–∞–±–æ—Ç–∫–∏
DIC-digital image correlation —Å–æ —Å—Ç–∞–Ω–¥–∞—Ä—Ç–Ω—ã—Ö –∏—Å—Ç–æ—á–Ω–∏–∫–æ–≤ –∏–∑–æ–±—Ä–∞–∂–µ–Ω–∏–π). –ö–æ–Ω—Ç—Ä–æ–ª—å –ø–µ—Ä–µ–º–µ—â–µ–Ω–∏–π —Å—Ç—Ä–æ–∏—Ç–µ–ª—å–Ω—ã—Ö –∫–æ–Ω—Å—Ç—Ä—É–∫—Ü–∏–π.","ML engineer, CV engineer, Python Backend, DevOps, –¢–µ—Å—Ç–∏—Ä–æ–≤—â–∏–∫"
–†–∞–∑—Ä–∞–±–æ—Ç–∫–∞ –ü–û –¥–ª—è —Ä–∞—Å—á–µ—Ç–∞ –∏ –ø—Ä–æ—Ñ–∏–ª–∏—Ä–æ–≤–∞–Ω–∏—è –ª–æ–ø–∞—Ç–∫–∏ –≥–∞–∑–æ—Ç—É—Ä–±–∏–Ω–Ω–æ–≥–æ –¥–≤–∏–≥–∞—Ç–µ–ª—è,"**–¶–µ–ª—å**

–†–∞–∑—Ä–∞–±–æ—Ç–∫–∞ –ø—Ä–æ–≥—Ä–∞–º–º—ã –¥–ª—è —Ä–∞—Å—á–µ—Ç–∞ –∏ –ø—Ä–æ—Ñ–∏–ª–∏—Ä–æ–≤–∞–Ω–∏—è –ª–æ–ø–∞—Ç–∫–∏ –≥–∞–∑–æ—Ç—É—Ä–±–∏–Ω–Ω–æ–≥–æ –¥–≤–∏–≥–∞—Ç–µ–ª—è —Å –∏—Å–ø–æ–ª—å–∑–æ–≤–∞–Ω–∏–µ–º —Å—É–ø–µ—Ä–∫–æ–º–ø—å—é—Ç–µ—Ä–∞, –æ–±–µ—Å–ø–µ—á–∏–≤–∞—é—â–µ–π —Ç–æ—á–Ω—ã–π —Ä–∞—Å—á–µ—Ç –ø—Ä–æ—Ñ–∏–ª—è –ª–æ–ø–∞—Ç–∫–∏ —Å —É—á–µ—Ç–æ–º –≤—Å–µ—Ö –≤–∞–∂–Ω—ã—Ö —Ñ–∞–∫—Ç–æ—Ä–æ–≤, –≤–ª–∏—è—é—â–∏—Ö –Ω–∞ –∞—ç—Ä–æ–¥–∏–Ω–∞–º–∏–∫—É.

**–ë–∏–∑–Ω–µ—Å-–∑–∞–¥–∞—á–∏**

- [ ] –†–∞–∑—Ä–∞–±–æ—Ç–∞—Ç—å –ø—Ä–æ–≥—Ä–∞–º–º–Ω–æ–µ –æ–±–µ—Å–ø–µ—á–µ–Ω–∏–µ, –∫–æ—Ç–æ—Ä–æ–µ –ø–æ–∑–≤–æ–ª–∏—Ç —Ç–æ—á–Ω–æ —Ä–∞—Å—Å—á–∏—Ç–∞—Ç—å –ø—Ä–æ—Ñ–∏–ª—å –ª–æ–ø–∞—Ç–∫–∏ –≥–∞–∑–æ—Ç—É—Ä–±–∏–Ω–Ω–æ–≥–æ –¥–≤–∏–≥–∞—Ç–µ–ª—è —Å —É—á–µ—Ç–æ–º –≤—Å–µ—Ö –≤–∞–∂–Ω—ã—Ö —Ñ–∞–∫—Ç–æ—Ä–æ–≤, –≤–ª–∏—è—é—â–∏—Ö –Ω–∞ –∞—ç—Ä–æ–¥–∏–Ω–∞–º–∏–∫—É.
- [ ] –ü—Ä–æ–≥—Ä–∞–º–º–Ω–æ–µ –æ–±–µ—Å–ø–µ—á–µ–Ω–∏–µ –¥–æ–ª–∂–Ω–æ –±—ã—Ç—å –º–∞—Å—à—Ç–∞–±–∏—Ä—É–µ–º—ã–º –∏ –ø—Ä–æ–∏–∑–≤–æ–¥–∏—Ç–µ–ª—å–Ω—ã–º, —á—Ç–æ–±—ã –µ–≥–æ –º–æ–∂–Ω–æ –±—ã–ª–æ –∏—Å–ø–æ–ª—å–∑–æ–≤–∞—Ç—å –Ω–∞ —Å—É–ø–µ—Ä–∫–æ–º–ø—å—é—Ç–µ—Ä–∞—Ö.
- [ ] –ü—Ä–æ–≥—Ä–∞–º–º–Ω–æ–µ –æ–±–µ—Å–ø–µ—á–µ–Ω–∏–µ –¥–æ–ª–∂–Ω–æ –∏–º–µ—Ç—å —É–¥–æ–±–Ω—ã–π –ø–æ–ª—å–∑–æ–≤–∞—Ç–µ–ª—å—Å–∫–∏–π –∏–Ω—Ç–µ—Ä—Ñ–µ–π—Å, –ø–æ–∑–≤–æ–ª—è—é—â–∏–π –∑–∞–¥–∞–≤–∞—Ç—å –ø–∞—Ä–∞–º–µ—Ç—Ä—ã —Å—Ä–µ–¥—ã –∏ –ø–æ–ª—É—á–∞—Ç—å —Ä–µ–∑—É–ª—å—Ç–∞—Ç—ã —Ä–∞—Å—á–µ—Ç–∞.

**–û–∂–∏–¥–∞–µ–º—ã–µ —Ä–µ–∑—É–ª—å—Ç–∞—Ç—ã**

–†–µ–∞–ª–∏–∑–∞—Ü–∏—è –ø—Ä–æ–µ–∫—Ç–∞ –ø–æ–∑–≤–æ–ª–∏—Ç –ø—Ä–µ–¥–ø—Ä–∏—è—Ç–∏—è–º, —Ä–∞–∑—Ä–∞–±–∞—Ç—ã–≤–∞—é—â–∏–º –≥–∞–∑–æ—Ç—É—Ä–±–∏–Ω–Ω—ã–µ –¥–≤–∏–≥–∞—Ç–µ–ª–∏, –ø–æ–ª—É—á–∞—Ç—å –±–æ–ª–µ–µ —Ç–æ—á–Ω—ã–µ —Ä–∞—Å—á–µ—Ç—ã –ø—Ä–æ—Ñ–∏–ª—è –ª–æ–ø–∞—Ç–∫–∏. –≠—Ç–æ –ø—Ä–∏–≤–µ–¥–µ—Ç –∫ –ø–æ–≤—ã—à–µ–Ω–∏—é —ç—Ñ—Ñ–µ–∫—Ç–∏–≤–Ω–æ—Å—Ç–∏ –∏ –Ω–∞–¥–µ–∂–Ω–æ—Å—Ç–∏ –¥–≤–∏–≥–∞—Ç–µ–ª–µ–π.
","Java Backend, Python Backend, –¢–µ—Å—Ç–∏—Ä–æ–≤—â–∏–∫, –î–∏–∑–∞–π–Ω–µ—Ä, –ê–Ω–∞–ª–∏—Ç–∏–∫"
–†–∞–∑–≤–∏—Ç–∏–µ —Å–∏—Å—Ç–µ–º—ã GlobalMonitoring –≤ —á–∞—Å—Ç–∏ –∞–¥–∞–ø—Ç–∞—Ü–∏–∏ –ø—Ä–æ—Ç–æ–∫–æ–ª–∞ –æ–±–º–µ–Ω–∞ –¥–∞–Ω–Ω—ã—Ö —Å —Å–∏—Å—Ç–µ–º–æ–π —Ç–µ–ª–µ–º–æ–Ω–∏—Ç–æ—Ä–∏—Ä–æ–≤–∞–Ω–∏—è,"–ö–æ–º–ø–∞–Ω–∏—è –ê–û ""–ú–µ–¥–∏–∞—Ç–µ–∫"" —Å–æ–±–∏—Ä–∞–µ—Ç –¥–∞–Ω–Ω—ã–µ —Å –±–æ–ª—å—à–æ–≥–æ –ø–∞—Ä–∫–∞ —É—Å—Ç—Ä–æ–π—Å—Ç–≤ —Å–±–æ—Ä–∞ –¥–∞–Ω–Ω—ã—Ö –º–µ–¥–∏—Ü–∏–Ω—Å–∫–æ–π –∏–Ω—Ñ–æ—Ä–º–∞—Ü–∏–∏ –æ —Å–æ—Å—Ç–æ—è–Ω–∏–∏ –∑–¥–æ—Ä–æ–≤—å—è –ø–∞—Ü–∏–µ–Ω—Ç–æ–≤. –¢–µ–∫—É—â–∞—è —Å–∏—Å—Ç–µ–º–∞ —Å–±–æ—Ä–∞ –¥–∞–Ω–Ω—ã—Ö —Ç—Ä–µ–±—É–µ—Ç –º–æ–¥–µ—Ä–Ω–∏–∑–∞—Ü–∏–∏ –∏ –º–∞—Å—à—Ç–∞–±–∏—Ä–æ–≤–∞–Ω–∏—è.

–†–∞–∑–≤–∏—Ç–∏–µ —Å–∏—Å—Ç–µ–º—ã GlobalMonitoring –≤ —á–∞—Å—Ç–∏ –∞–¥–∞–ø—Ç–∞—Ü–∏–∏ –ø—Ä–æ—Ç–æ–∫–æ–ª–∞ –æ–±–º–µ–Ω–∞ –¥–∞–Ω–Ω—ã—Ö —Å —Å–∏—Å—Ç–µ–º–æ–π —Ç–µ–ª–µ–º–æ–Ω–∏—Ç–æ—Ä–∏—Ä–æ–≤–∞–Ω–∏—è","Java Backend, Python Backend, DevOps, –ê–Ω–∞–ª–∏—Ç–∏–∫, –¢–µ—Å—Ç–∏—Ä–æ–≤—â–∏–∫"
–ò–¥–µ–Ω—Ç–∏—Ñ–∏–∫–∞—Ü–∏—è –¥–µ—Ñ–µ–∫—Ç–æ–≤ –ø–µ—á–∞—Ç–Ω—ã—Ö –ø–ª–∞—Ç –º–µ—Ç–æ–¥–∞–º–∏ –º–∞—à–∏–Ω–Ω–æ–≥–æ –æ–±—É—á–µ–Ω–∏—è,–ò–¥–µ–Ω—Ç–∏—Ñ–∏–∫–∞—Ü–∏—è –¥–µ—Ñ–µ–∫—Ç–æ–≤ –ø–µ—á–∞—Ç–Ω—ã—Ö –ø–ª–∞—Ç (PCB) –º–µ—Ç–æ–¥–∞–º–∏ –º–∞—à–∏–Ω–Ω–æ–≥–æ –æ–±—É—á–µ–Ω–∏—è –¥–ª—è –Ω–µ–±–æ–ª—å—à–æ–≥–æ –ø—Ä–æ–∏–∑–≤–æ–¥—Å—Ç–≤–∞ –≤ –ú–ê–ò,"ML engineer, Python Backend, –¢–µ—Å—Ç–∏—Ä–æ–≤—â–∏–∫, –ê–Ω–∞–ª–∏—Ç–∏–∫, –î–∏–∑–∞–π–Ω–µ—Ä"
–†–µ–¥–∫–∏–µ –∂–∏–≤–æ—Ç–Ω—ã–µ –≤ –Ø–ù–ê–û,"–°–∏—Å—Ç–µ–º–∞ –∞–≤—Ç–æ–º–∞—Ç–∏—á–µ—Å–∫–æ–≥–æ –ø–æ–¥—Å—á–µ—Ç–∞ —Ä–µ–¥–∫–∏—Ö –∂–∏–≤–æ—Ç–Ω—ã—Ö (—Å–µ–≤–µ—Ä–Ω—ã–µ –æ–ª–µ–Ω–∏, –º–æ—Ä–∂–∏) –≤ –Ø–º–∞–ª–æ-–ù–µ–Ω–µ—Ü–∫–∏–∏ÃÜ –∞–≤—Ç–æ–Ω–æ–º–Ω—ã–∏ÃÜ –æ–∫—Ä—É–≥–µ –∏ –Ω–∞ —Å–µ–≤–µ—Ä–Ω—ã—Ö –æ—Å—Ç—Ä–æ–≤–∞—Ö –†–§ –ø—Ä–∏ –ø–æ–º–æ—â–∏ –Ω–µ–∏ÃÜ—Ä–æ–Ω–Ω—ã—Ö —Å–µ—Ç–µ–∏ÃÜ –ø–æ –∏–∑–æ–±—Ä–∞–∂–µ–Ω–∏—è–º –∞—ç—Ä–æ—Ñ–æ—Ç–æ—Å—ä–µ–º–∫–∏.
","ML engineer, CV engineer, Python Backend, –î–∏–∑–∞–π–Ω–µ—Ä, –¢–µ—Å—Ç–∏—Ä–æ–≤—â–∏–∫"
–ü–ª–∞—Ç—Ñ–æ—Ä–º–∞ –∫–æ–º–∞–Ω–¥–æ–æ–±—Ä–∞–∑–æ–≤–∞–Ω–∏—è,"–î–ª—è —ç—Ñ—Ñ–µ–∫—Ç–∏–≤–Ω–æ–≥–æ –∫–æ–º–∞–Ω–¥–æ–æ–±—Ä–∞–∑–æ–≤–∞–Ω–∏—è —Å—Ç—É–¥–µ–Ω—Ç–æ–≤ —Å —Ä–∞–∑–Ω—ã—Ö —Ñ–∞–∫—É–ª—å—Ç–µ—Ç–æ–≤ –∏ –∫—É—Ä—Å–æ–≤, –æ–±—É—á–∞—é—â–∏—Ö—Å—è –Ω–∞ –ø—Ä–æ–≥—Ä–∞–º–º–∞—Ö –¶–∏—Ñ—Ä–æ–≤–æ–π –∫–∞—Ñ–µ–¥—Ä—ã –Ω–µ–æ–±—Ö–æ–¥–∏–º —É–¥–æ–±–Ω—ã–π –º–µ—Ö–∞–Ω–∏–∑–º –æ–±—ä–¥–∏–Ω–µ–Ω–∏—è –≤ –∫–æ–º–∞–Ω–¥—ã –∏ –≤—ã–±–æ—Ä–∞ –ø—Ä–æ–µ–∫—Ç–æ–≤","–ê–Ω–∞–ª–∏—Ç–∏–∫, –î–∏–∑–∞–π–Ω–µ—Ä, Frontend, Java Backend, Python Backend"
–£–¥–∞–ª–µ–Ω–∏–µ –æ–±–ª–∞–∫–æ–≤,–ê–ª–≥–æ—Ä–∏—Ç–º —É–¥–∞–ª–µ–Ω–∏—è –æ–±–ª–∞–∫–æ–≤ –Ω–∞ —Å–ø—É—Ç–Ω–∏–∫–æ–≤—ã—Ö —Å–Ω–∏–º–∫–∞—Ö —Å –∏—Å–ø–æ–ª—å–∑–æ–≤–∞–Ω–∏–µ–º —Ä–∞–∑–ª–∏—á–Ω—ã—Ö –º–µ—Ç–æ–¥–æ–≤ –º–∞—à–∏–Ω–Ω–æ–≥–æ –æ–±—É—á–µ–Ω–∏—è.,"ML engineer, CV engineer, Python Backend, ML Ops Engineer, –¢–µ—Å—Ç–∏—Ä–æ–≤—â–∏–∫"
–ö–∞—Ä—Ç–∞ –≥–æ—Ä–Ω—ã—Ö –≤—ã—Ä–∞–±–æ—Ç–æ–∫ –≤ –ö—Ä–∞—Å–Ω–æ—è—Ä—Å–∫–æ–º –∫—Ä–∞–µ,–û—Ü–µ–Ω–∫–∞ –≥–æ—Ä–Ω—ã—Ö –≤—ã—Ä–∞–±–æ—Ç–æ–∫ –≤ —Ä–∞–∏ÃÜ–æ–Ω–µ –¥–æ–±—ã—á–∏ –∑–æ–ª–æ—Ç–æ-–¥–æ–±—ã–≤–∞—é—â–µ–≥–æ –∫–∞—Ä—å–µ—Ä–æ–≤ ¬´–û–ª–∏–º–ø–∏–∞–¥–∞¬ª –∏ ¬´–ë–ª–∞–≥–æ–¥–∞—Ç–Ω–æ–µ¬ª –≤ –ö—Ä–∞—Å–Ω–æ—è—Ä—Å–∫–æ–º –∫—Ä–∞–µ —Å –∏—Å–ø–æ–ª—å–∑–æ–≤–∞–Ω–∏–µ–º –¥–∞–Ω–Ω—ã—Ö –î–ó–ó,"–ì–µ–æ–¥–µ–∑–∏—Å—Ç, –ê–Ω–∞–ª–∏—Ç–∏–∫, ML engineer, DevOps, –î–∏–∑–∞–π–Ω–µ—Ä"
–¢–µ–ø–ª–æ–≤—ã–µ –ø—Ä–æ—Ü–µ—Å—Å—ã –ª–∞–∑–µ—Ä–Ω—ã—Ö —É—Å—Ç–∞–Ω–æ–≤–æ–∫,–ú–∞—Ç–µ–º–∞—Ç–∏—á–µ—Å–∫–æ–µ –º–æ–¥–µ–ª–∏—Ä–æ–≤–∞–Ω–∏–µ —Ç–µ–ø–ª–æ–≤—ã—Ö –ø—Ä–æ—Ü–µ—Å—Å–æ–≤ –≤ —ç–ª–µ–º–µ–Ω—Ç–∞—Ö –∫–æ–Ω—Å—Ç—Ä—É–∫—Ü–∏–π –ª–∞–∑–µ—Ä–Ω—ã—Ö —Ç–µ—Ö–Ω–æ–ª–æ–≥–∏—á–µ—Å–∫–∏—Ö —É—Å—Ç–∞–Ω–æ–≤–æ–∫ ,"ML engineer, Python Backend, –ê–Ω–∞–ª–∏—Ç–∏–∫, –î–∏–∑–∞–π–Ω–µ—Ä, –¢–µ—Å—Ç–∏—Ä–æ–≤—â–∏–∫"
–ê–ª–≥–æ—Ä–∏—Ç–º—ã –º–∞—à–∏–Ω–Ω–æ–≥–æ –æ–±—É—á–µ–Ω–∏—è –¥–ª—è –æ–ø—Ä–µ–¥–µ–ª–µ–Ω–∏—è –Ω–∞—Ä—É—à–µ–Ω–∏–π –¥—ã—Ö–∞–Ω–∏—è –≤–æ —Å–Ω–µ,"–ö–æ–º–ø–∞–Ω–∏—è –ê–û ""–ú–µ–¥–∏–∞—Ç–µ–∫"" –ø—Ä–æ–µ–∫—Ç–∏—Ä—É–µ—Ç –∏ —ç–∫—Å–ø–ª—É–∞—Ç–∏—Ä—É–µ—Ç –±–æ–ª—å—à–æ–µ –∫–æ–ª–∏—á–µ—Å—Ç–≤–æ –ø—Ä–∏–±–æ—Ä–æ–≤ –¥–ª—è –ø–æ–ª—É—á–µ–Ω–∏—è –∏–Ω—Ñ–æ—Ä–º–∞—Ü–∏–∏ –æ –∑–¥–æ—Ä–æ–≤—å—Ç–µ —á–µ–ª–æ–≤–µ–∫–∞. –¢—Ä–µ–±—É–µ—Ç—Å—è —Ä–∞–∑—Ä–∞–±–æ—Ç–∞—Ç—å –∞–ª–≥–æ—Ä–∏—Ç–º—ã AI –æ–ø—Ä–µ–¥–µ–ª–µ–Ω–∏–µ —Å–Ω–∞, –¥—ã—Ö–∞—Ç–µ–ª—å–Ω—ã—Ö —Å–æ–±—ã—Ç–∏–π, —Ç–∏–ø–æ–≤ –Ω–∞—Ä—É—à–µ–Ω–∏–π —Å–Ω–∞ (–∞–ø–Ω–æ—ç, –≥–∏–ø–∞–ø–Ω–æ—ç), –ø–∞–¥–µ–Ω–∏—è –Ω–∞—Å—ã—â–µ–Ω–∏—è –∫–∏—Å–ª–æ—Ä–æ–¥–æ–º –≤ –∫—Ä–æ–≤–∏, —Ç–∏–ø–æ–≤ –Ω–∞—Ä—É—à–µ–Ω–∏–π –¥—ã—Ö–∞–Ω–∏—è –≤–æ —Å–Ω–µ.
–°—Ç–µ–∫ —Ç–µ—Ö–Ω–æ–ª–æ–≥–∏–π:
- Python,
- NumPy,
- TensorFlow,
- C#,
- C++,
- Matlab","ML engineer, Python Backend, C++ Backend, –ê–Ω–∞–ª–∏—Ç–∏–∫, –¢–µ—Å—Ç–∏—Ä–æ–≤—â–∏–∫"
–ü–æ—Å—Ç—Ä–æ–µ–Ω–∏–µ –≤–æ–ø—Ä–æ—Å-–æ—Ç–≤–µ—Ç–Ω–æ–≥–æ —á–∞—Ç-–±–æ—Ç–∞ –Ω–∞ –æ—Å–Ω–æ–≤–∞–Ω–∏–∏ —Å–µ–º–∞–Ω—Ç–∏—á–µ—Å–∫–æ–π –±–ª–∏–∑–æ—Å—Ç–∏ –∑–∞–ø—Ä–æ—Å–æ–≤,"–ò–º–µ—è —Ç–µ–∫—Å—Ç–æ–≤—É—é –¥–æ–∫—É–º–µ–Ω—Ç–∞—Ü–∏—é, —Å –ø–æ–º–æ—â—å—é LLM —Ñ–æ—Ä–º–∏—Ä—É–µ–º –ø–æ –Ω–µ–π –≤–æ–ø—Ä–æ—Å-–æ—Ç–≤–µ—Ç–Ω—ã–µ –ø–∞—Ä—ã, –∑–∞—Ç–µ–º –Ω–∞ –∑–∞–ø—Ä–æ—Å –ø–æ–ª—å–∑–æ–≤–∞—Ç–µ–ª—è –∏—â–µ–º –Ω–∞–∏–±–æ–ª–µ–µ —Ä–µ–ª–µ–≤–∞–Ω—Ç–Ω—É—é –ø–∞—Ä—É –∏ –≤—ã–¥–∞–µ–º —Å–æ–æ—Ç–≤–µ—Ç—Å—Ç–≤—É—é—â–∏–π –æ—Ç–≤–µ—Ç.","ML engineer, Python Backend, DevOps, –¢–µ—Å—Ç–∏—Ä–æ–≤—â–∏–∫, –ê–Ω–∞–ª–∏—Ç–∏–∫"
–°–∏—Å—Ç–µ–º–∞ —É—á–µ—Ç–∞ –ø–æ—Ç—Ä–µ–±–Ω–æ—Å—Ç–µ–π –≤ –æ–±—É—á–µ–Ω–∏–∏ –¥–ª—è —Å–æ—Ç—Ä—É–¥–Ω–∏–∫–æ–≤ –≤ –≤–æ–∑—Ä–∞—Å—Ç–µ 50+,"–¢—Ä–µ–±–æ–≤–∞–Ω–∏—è:
1. –†–∞–∑—Ä–∞–±–æ—Ç–∞—Ç—å —Å—Ç—Ä—É–∫—Ç—É—Ä—É –ë–î –¥–ª—è —Ö—Ä–∞–Ω–µ–Ω–∏—è –¥–∞–Ω–Ω—ã—Ö –æ —Å–æ—Ç—Ä—É–¥–Ω–∏–∫–µ, –µ–≥–æ –∫–æ–º–ø–µ—Ç–µ–Ω—Ü–∏—è—Ö –∏ —Å—Ä–æ–∫–∞—Ö –ø–æ—Ç—Ä–µ–±–Ω–æ—Å—Ç–µ–π
2. –†–∞–∑—Ä–∞–±–æ—Ç–∞—Ç—å –∏–Ω—Ç–µ—Ä—Ñ–µ–π—Å –¥–ª—è –≤–≤–æ–¥–∞/—Ä–µ–¥–∞–∫—Ç–∏—Ä–æ–≤–∞–Ω–∏—è –∏ –∞–¥–º–∏–Ω–∏—Å—Ç—Ä–∏—Ä–æ–≤–∞–Ω–∏—è –¥–∞–Ω–Ω—ã—Ö
","–ê–Ω–∞–ª–∏—Ç–∏–∫, –î–∏–∑–∞–π–Ω–µ—Ä, Python Backend, –¢–µ—Å—Ç–∏—Ä–æ–≤—â–∏–∫, DevOps"
–ò—Å–ø–æ–ª—å–∑–æ–≤–∞–Ω–∏–µ –∏—Å–∫—É—Å—Å—Ç–≤–µ–Ω–Ω–æ–≥–æ –∏–Ω—Ç–µ–ª–ª–µ–∫—Ç–∞ –¥–ª—è –ø—Ä–æ–≥–Ω–æ–∑–∏—Ä–æ–≤–∞–Ω–∏—è —Ç—Ä–µ–±–æ–≤–∞–Ω–∏–π –∫ –≤–∏—Ä—Ç—É–∞–ª—å–Ω—ã–º –º–∞—à–∏–Ω–∞–º –Ω–∞ –æ—Å–Ω–æ–≤–µ –∏—Å—Ç–æ—Ä–∏—á–µ—Å–∫–∏—Ö –¥–∞–Ω–Ω—ã—Ö,"–í —ç—Ç–æ–π —Ä–∞–±–æ—Ç–µ —Å—Ç—É–¥–µ–Ω—Ç—ã –±—É–¥—É—Ç –∏—Å–ø–æ–ª—å–∑–æ–≤–∞—Ç—å –∏—Å–∫—É—Å—Å—Ç–≤–µ–Ω–Ω—ã–π –∏–Ω—Ç–µ–ª–ª–µ–∫—Ç –¥–ª—è –ø—Ä–æ–≥–Ω–æ–∑–∏—Ä–æ–≤–∞–Ω–∏—è –±—É–¥—É—â–∏—Ö –ø–æ—Ç—Ä–µ–±–Ω–æ—Å—Ç–µ–π –≤ –≤–∏—Ä—Ç—É–∞–ª—å–Ω—ã—Ö –º–∞—à–∏–Ω–∞—Ö –Ω–∞ –æ—Å–Ω–æ–≤–µ –∞–Ω–∞–ª–∏–∑–∞ –∏—Å—Ç–æ—Ä–∏—á–µ—Å–∫–∏—Ö –¥–∞–Ω–Ω—ã—Ö. –û–Ω–∏ –±—É–¥—É—Ç —Ä–∞–∑—Ä–∞–±–∞—Ç—ã–≤–∞—Ç—å –º–æ–¥–µ–ª—å –º–∞—à–∏–Ω–Ω–æ–≥–æ –æ–±—É—á–µ–Ω–∏—è, –∫–æ—Ç–æ—Ä–æ–µ –ø–æ–∑–≤–æ–ª–∏—Ç –∫–æ–º–ø–∞–Ω–∏–∏ –±—ã—Ç—å –≥–æ—Ç–æ–≤–æ–π –∫ –∏–∑–º–µ–Ω–µ–Ω–∏—è–º –≤ –∏—Å–ø–æ–ª—å–∑–æ–≤–∞–Ω–∏–µ —Ä–µ—Å—É—Ä—Å–æ–≤ –∏ –æ–ø—Ç–∏–º–∏–∑–∏—Ä–æ–≤–∞—Ç—å –∏—Ö –∏—Å–ø–æ–ª—å–∑–æ–≤–∞–Ω–∏–µ.","ML engineer, Python Backend, DevOps, –ê–Ω–∞–ª–∏—Ç–∏–∫, –¢–µ—Å—Ç–∏—Ä–æ–≤—â–∏–∫"
–í—ã—è–≤–ª–µ–Ω–∏–µ –∑–Ω–∞—á–∏–º—ã—Ö –æ–±—â–µ—Å—Ç–≤–µ–Ω–Ω–æ-–ø–æ–ª–∏—Ç–∏—á–µ—Å–∫–∏—Ö –∏ —ç–∫–æ–Ω–æ–º–∏—á–µ—Å–∫–∏—Ö —Å–æ–±—ã—Ç–∏–π –Ω–∞ –∫—É—Ä—Å–æ–≤—É—é —Å—Ç–æ–∏–º–æ—Å—Ç—å –≤–∞–ª—é—Ç—ã –Ω–∞ –æ—Å–Ω–æ–≤–µ —Å–µ–º–∞–Ω—Ç–∏—á–µ—Å–∫–æ–≥–æ –∞–Ω–∞–ª–∏–∑–∞,"–ü—Ä–æ–µ–∫—Ç ""–í—ã—è–≤–ª–µ–Ω–∏–µ –∑–Ω–∞—á–∏–º—ã—Ö –æ–±—â–µ—Å—Ç–≤–µ–Ω–Ω–æ-–ø–æ–ª–∏—Ç–∏—á–µ—Å–∫–∏—Ö –∏ —ç–∫–æ–Ω–æ–º–∏—á–µ—Å–∫–∏—Ö —Å–æ–±—ã—Ç–∏–π –Ω–∞ –∫—É—Ä—Å–æ–≤—É—é —Å—Ç–æ–∏–º–æ—Å—Ç—å –≤–∞–ª—é—Ç—ã –Ω–∞ –æ—Å–Ω–æ–≤–µ —Å–µ–º–∞–Ω—Ç–∏—á–µ—Å–∫–æ–≥–æ –∞–Ω–∞–ª–∏–∑–∞"" –Ω–∞–ø—Ä–∞–≤–ª–µ–Ω –Ω–∞ –∏–∑—É—á–µ–Ω–∏–µ –≤–∑–∞–∏–º–æ—Å–≤—è–∑–∏ –º–µ–∂–¥—É –∫–ª—é—á–µ–≤—ã–º–∏ —Å–æ–±—ã—Ç–∏—è–º–∏ –∏ –∫–æ–ª–µ–±–∞–Ω–∏—è–º–∏ –≤–∞–ª—é—Ç–Ω—ã—Ö –∫—É—Ä—Å–æ–≤ —á–µ—Ä–µ–∑ –ø—Ä–∏–º–µ–Ω–µ–Ω–∏–µ –º–∞—à–∏–Ω–Ω–æ–≥–æ –æ–±—É—á–µ–Ω–∏—è.

–û—Å–Ω–æ–≤–Ω–∞—è —Ü–µ–ª—å –ø—Ä–æ–µ–∫—Ç–∞ - –ø–æ–≤—ã—à–µ–Ω–∏–µ —Ç–æ—á–Ω–æ—Å—Ç–∏ –ø—Ä–æ–≥–Ω–æ–∑–∏—Ä–æ–≤–∞–Ω–∏—è –¥–∏–Ω–∞–º–∏–∫–∏ –≤–∞–ª—é—Ç–Ω—ã—Ö –∫—É—Ä—Å–æ–≤ –Ω–∞ –æ—Å–Ω–æ–≤–µ —Ç–µ–∫—É—â–∏—Ö –Ω–æ–≤–æ—Å—Ç–µ–π, —á—Ç–æ –ø–æ–∑–≤–æ–ª–∏—Ç –ø—Ä–∏–Ω–∏–º–∞—Ç—å –±–æ–ª–µ–µ –æ–±–æ—Å–Ω–æ–≤–∞–Ω–Ω—ã–µ —Ñ–∏–Ω–∞–Ω—Å–æ–≤—ã–µ —Ä–µ—à–µ–Ω–∏—è. –ü—Ä–æ–µ–∫—Ç –≤–∫–ª—é—á–∞–µ—Ç –≤ —Å–µ–±—è —Å–±–æ—Ä –∏ –ø—Ä–µ–¥–æ–±—Ä–∞–±–æ—Ç–∫—É –¥–∞–Ω–Ω—ã—Ö, –∫–ª–∞—Å—Å–∏—Ñ–∏–∫–∞—Ü–∏—é –Ω–æ–≤–æ—Å—Ç–µ–π, –∞–Ω–∞–ª–∏–∑ –∏—Ö –∑–Ω–∞—á–∏–º–æ—Å—Ç–∏ –∏ –≤–∏–∑—É–∞–ª–∏–∑–∞—Ü–∏—é —Ä–µ–∑—É–ª—å—Ç–∞—Ç–æ–≤ —á–µ—Ä–µ–∑ –≤–µ–±-–∏–Ω—Ç–µ—Ä—Ñ–µ–π—Å.

–ü—Ä–æ–µ–∫—Ç —Å—Ç–∞–≤–∏—Ç –ø–µ—Ä–µ–¥ —Å–æ–±–æ–π –∑–∞–¥–∞—á—É –Ω–µ —Ç–æ–ª—å–∫–æ —Ç–µ—Ö–Ω–∏—á–µ—Å–∫–æ–≥–æ –∞–Ω–∞–ª–∏–∑–∞ –¥–∞–Ω–Ω—ã—Ö, –Ω–æ –∏ –ø—Ä–∞–∫—Ç–∏—á–µ—Å–∫–æ–≥–æ –ø—Ä–∏–º–µ–Ω–µ–Ω–∏—è –ø–æ–ª—É—á–µ–Ω–Ω—ã—Ö –∑–Ω–∞–Ω–∏–π –¥–ª—è —É–ª—É—á—à–µ–Ω–∏—è —Ñ–∏–Ω–∞–Ω—Å–æ–≤—ã—Ö —Å—Ç—Ä–∞—Ç–µ–≥–∏–π –Ω–∞ –æ—Å–Ω–æ–≤–µ –∞–∫—Ç—É–∞–ª—å–Ω–æ–π –æ–±—â–µ—Å—Ç–≤–µ–Ω–Ω–æ-–ø–æ–ª–∏—Ç–∏—á–µ—Å–∫–æ–π –∏ —ç–∫–æ–Ω–æ–º–∏—á–µ—Å–∫–æ–π —Å–∏—Ç—É–∞—Ü–∏–∏.","ML engineer, –ê–Ω–∞–ª–∏—Ç–∏–∫, Python Backend, –î–∏–∑–∞–π–Ω–µ—Ä, DevOps"
–†–µ–∫–æ–º–µ–Ω–¥–∞—Ç–µ–ª—å–Ω–∞—è —Å–∏—Å—Ç–µ–º–∞ –ø–æ–¥–±–æ—Ä–∞ –Ω–æ–≤—ã—Ö –∫—É—Ä—Å–æ–≤ –¥–ª—è –ø–µ—Ä–µ–æ–±—É—á–µ–Ω–∏—è —Å–æ—Ç—Ä—É–¥–Ω–∏–∫–æ–≤,"–¢—Ä–µ–±–æ–≤–∞–Ω–∏—è:
1. –†–µ–∞–ª–∏–∑–æ–≤–∞—Ç—å —Å–∏—Å—Ç–µ–º—É —Ç–µ—Å—Ç–∏—Ä–æ–≤–∞–Ω–∏—è –Ω–∞ –Ω–∞–ª–∏—á–∏–µ –∫–æ–º–ø–µ—Ç–µ–Ω—Ü–∏–π
2. –†–∞–∑—Ä–∞–±–æ—Ç–∞—Ç—å —Ä–µ–∫–æ–º–µ–Ω–¥–∞—Ç–µ–ª—å–Ω—ã–π –∞–ª–≥–æ—Ä–∏—Ç–º
3. –°–æ–∑–¥–∞—Ç—å —Å–∏—Å—Ç–µ–º—É —Ö—Ä–∞–Ω–µ–Ω–∏—è —É—á–µ–±–Ω—ã—Ö –∫—É—Ä—Å–æ–≤ —Å —É—á–µ—Ç–æ–º —Ä–∞–∑–≤–∏–≤–∞—é—â–∏—Ö –∫–æ–º–ø–µ—Ç–µ–Ω—Ü–∏–π
","ML engineer, –ê–Ω–∞–ª–∏—Ç–∏–∫, Python Backend, –î–∏–∑–∞–π–Ω–µ—Ä"
–¢–µ—Ö–Ω–æ–ª–æ–≥–∏—è —Å–æ–∑–¥–∞–Ω–∏—è –∫–æ–Ω—Å–∏—Å—Ç–µ–Ω—Ç–Ω—ã—Ö –∏–∑–æ–±—Ä–∞–∂–µ–Ω–∏–π –º—É–ª—å—Ç–∏–ø–ª–∏–∫–∞—Ü–∏–æ–Ω–Ω—ã—Ö –ø–µ—Ä—Å–æ–Ω–∞–∂–µ–π –¥–ª—è –≥–µ–Ω–µ—Ä–∞—Ç–∏–≤–Ω–æ–≥–æ –ò–ò,"–° –ø–æ–º–æ—â—å—é –æ–¥–Ω–æ–≥–æ –∑–∞–ø—Ä–æ—Å–∞ –≥–µ–Ω–µ—Ä–∏—Ä—É–µ–º Character Sheet —Å —Ä–∞–∑–ª–∏—á–Ω—ã–º–∏ –ø–æ–∑–∞–º–∏ –æ–¥–Ω–æ–≥–æ –∏ —Ç–æ–≥–æ –∂–µ –ø–µ—Ä—Å–æ–Ω–∞–∂–∞, –¥–∞–ª–µ–µ –Ω–∞ —ç—Ç–∏—Ö –∏–∑–æ–±—Ä–∞–∂–µ–Ω–∏—è—Ö –¥–æ–æ–±—É—á–∞–µ–º –≥–µ–Ω–µ—Ä–∞—Ç–∏–≤—É—é –º–æ–¥–µ–ª—å —Å –ø–æ–º–æ—â—å—é DreamBooth. 
–í –∫–∞—á–µ—Å—Ç–≤–µ –ø—Ä–∏–º–µ—Ä–∞ —Å–æ–∑–¥–∞—ë–º –∫–æ–º–∏–∫—Å –¥–ª—è –∞–±–∏—Ç—É—Ä–∏–µ–Ω—Ç–æ–≤ –ú–ê–ò.
https://twitter.com/rodrigon/status/1744923374399160686","ML engineer, Python Backend, –î–∏–∑–∞–π–Ω–µ—Ä, –ê–Ω–∞–ª–∏—Ç–∏–∫, ML Ops Engineer"
–†–∞–∑—Ä–∞–±–æ—Ç–∫–∞ –ø—Ä–æ–≥—Ä–∞–º–º–Ω–æ–≥–æ –æ–±–µ—Å–ø–µ—á–µ–Ω–∏—è –¥–ª—è –ø—Ä–æ–µ–∫—Ç–∏—Ä–æ–≤–∞–Ω–∏—è –∫–æ—Å–º–∏—á–µ—Å–∫–æ–≥–æ —Å–æ–ª–Ω–µ—á–Ω–æ–≥–æ –∑–æ–Ω–¥–∞,"–¶–µ–ª—å: 
–†–∞–∑—Ä–∞–±–æ—Ç–∫–∞ –ø—Ä–æ–≥—Ä–∞–º–º–Ω–æ–≥–æ –æ–±–µ—Å–ø–µ—á–µ–Ω–∏—è –¥–ª—è –ø—Ä–æ–µ–∫—Ç–∏—Ä–æ–≤–∞–Ω–∏—è –∫–æ—Å–º–∏—á–µ—Å–∫–æ–≥–æ —Å–æ–ª–Ω–µ—á–Ω–æ–≥–æ –∑–æ–Ω–¥–∞
–ó–∞–¥–∞—á–∏: 
ÔÄ≠  –°–æ–∑–¥–∞–Ω–∏–µ –∏ —Ä–∞—Å–ø—Ä–µ–¥–µ–ª–µ–Ω–∏–µ —Ä–æ–ª–µ–π –≤ –∫–æ–º–∞–Ω–¥–µ
ÔÄ≠–í—ã–±–æ—Ä –º–µ—Ç–æ–¥–∏–∫–∏ –ø—Ä–æ–µ–∫—Ç–∏—Ä–æ–≤–∞–Ω–∏—è –∫–æ—Å–º–∏—á–µ—Å–∫–æ–≥–æ —Å–æ–ª–Ω–µ—á–Ω–æ–≥–æ –∑–æ–Ω–¥–∞
ÔÄ≠–í—ã–±–æ—Ä —è–∑—ã–∫–∞ –ø—Ä–æ–≥—Ä–∞–º–º–∏—Ä–æ–≤–∞–Ω–∏—è
ÔÄ≠–†–∞–∑–±–∏–µ–Ω–∏–µ –∞–ø–ø–∞—Ä–∞—Ç–∞ –Ω–∞ —Å–∏—Å—Ç–µ–º—ã, –∫–æ—Ç–æ—Ä—ã–µ –Ω–µ–æ–±—Ö–æ–¥–∏–º–æ –±—É–¥–µ—Ç —Ä–∞—Å—Å—á–∏—Ç—ã–≤–∞—Ç—å
ÔÄ≠–û–ø—Ä–µ–¥–µ–ª–µ–Ω–∏–µ –≤—Ö–æ–¥–Ω—ã—Ö –∏ –≤—ã—Ö–æ–¥–Ω—ã—Ö –ø–∞—Ä–∞–º–µ—Ç—Ä–æ–≤ –¥–ª—è –∫–∞–∂–¥–æ–π –∏–∑ —Å–∏—Å—Ç–µ–º
ÔÄ≠–°–æ–∑–¥–∞–Ω–∏–µ –ø—Ä–æ–≥—Ä–∞–º–º–Ω–æ–≥–æ –æ–±–µ—Å–ø–µ—á–µ–Ω–∏—è –Ω–∞ –æ—Å–Ω–æ–≤–µ —Ä–∞—Å—á–µ—Ç–Ω–æ–≥–æ —Ñ–∞–π–ª–∞ —Å —Ñ–æ—Ä–º—É–ª–∞–º–∏
–†–µ–∑—É–ª—å—Ç–∞—Ç:
–ü—Ä–æ–≥—Ä–∞–º–º–Ω–æ–µ –æ–±–µ—Å–ø–µ—á–µ–Ω–∏–µ, –ø–æ–∑–≤–æ–ª—è—é—â–µ–µ —Å–ø—Ä–æ–µ–∫—Ç–∏—Ä–æ–≤–∞—Ç—å –∫–æ—Å–º–∏—á–µ—Å–∫–∏–π –∞–ø–ø–∞—Ä–∞—Ç","–ò–Ω–∂–µ–Ω–µ—Ä –ë–ü–õ–ê, Java Backend, –ê–Ω–∞–ª–∏—Ç–∏–∫, –î–∏–∑–∞–π–Ω–µ—Ä, ML engineer"
–ê–ª–≥–æ—Ä–∏—Ç–º –ø–æ–∏—Å–∫–∞ –ø–µ—Ä–≤–æ–ø—Ä–∏—á–∏–Ω –æ—à–∏–±–æ–∫ –∏ –ø—Ä–æ–±–ª–µ–º –ø—Ä–æ–∏–∑–≤–æ–¥–∏—Ç–µ–ª—å–Ω–æ—Å—Ç–∏ –≤ –º–∏–∫—Ä–æ—Å–µ—Ä–≤–∏—Å–Ω—ã—Ö –≤–µ–±-–ø—Ä–∏–ª–æ–∂–µ–Ω–∏—è—Ö.,"–ù–∞ —Å–µ–≥–æ–¥–Ω—è—à–Ω–∏–π –¥–µ–Ω—å –±–æ–ª—å—à–∏–Ω—Å—Ç–≤–æ –≤–µ–±-—Å–µ—Ä–≤–∏—Å–æ–≤ –∏ —Å–∏—Å—Ç–µ–º –ø—Ä–µ–¥—Å—Ç–∞–≤–ª—è—é—Ç –∏–∑ —Å–µ–±—è —Å–æ–≤–æ–∫—É–ø–Ω–æ—Å—Ç—å –º–∏–∫—Ä–æ—Å–µ—Ä–≤–∏—Å–æ–≤, –∫–æ—Ç–æ—Ä—ã–µ –ø–æ—Å–ª–µ–¥–æ–≤–∞—Ç–µ–ª—å–Ω–æ –∏–ª–∏ –ø–∞—Ä–∞–ª–ª–µ–ª—å–Ω–æ –≤—ã–∑—ã–≤–∞—é—Ç –¥—Ä—É–≥-–¥—Ä—É–≥–∞, –≤—ã–ø–æ–ª–Ω—è—è –±–∏–∑–Ω–µ—Å-–ª–æ–≥–∏–∫—É –∏ —Ñ–æ—Ä–º–∏—Ä—É—è –∫–æ–Ω–µ—á–Ω—ã–π —Ä–µ–∑—É–ª—å—Ç–∞—Ç –¥–ª—è –ø–æ–ª—å–∑–æ–≤–∞—Ç–µ–ª—è.
–ü—Ä–∏ —ç—Ç–æ–º —É—Å–ª–æ–∂–Ω—è–µ—Ç—Å—è –∞–≤—Ç–æ–º–∞—Ç–∏–∑–∞—Ü–∏—è –∏ –æ—Ç–ª–∞–∂–∏–≤–∞–Ω–∏–µ. –û—à–∏–±–∫–∏ –∏ –ø—Ä–æ–±–ª–µ–º—ã —Å –ø—Ä–æ–∏–∑–≤–æ–¥–∏—Ç–µ–ª—å–Ω–æ—Å—Ç—å—é, –≤–æ–∑–Ω–∏–∫–∞—é—â–∏–µ –≤ –æ–¥–Ω–æ–º –∫–æ–º–ø–æ–Ω–µ–Ω—Ç–µ, —Ä–∞—Å–ø—Ä–æ—Å—Ç—Ä–∞–Ω—è—é—Ç—Å—è –≤ —Å–∏—Å—Ç–µ–º–µ.

–ù–µ–æ–±—Ö–æ–¥–∏–º–æ —Å—Ñ–æ—Ä–º—É–ª–∏—Ä–æ–≤–∞—Ç—å –∞–ª–≥–æ—Ä–∏—Ç–º, –≤–∏–∑—É–∞–ª—å–Ω–∞—è —á–∞—Å—Ç—å –∫–æ—Ç–æ—Ä–æ–≥–æ –º–æ–∂–µ—Ç –±—ã—Ç—å —Ä–µ–∞–ª–∏–∑–æ–≤–∞–Ω–∞ –∫–∞–∫ –≤–µ–±-—Å—Ç—Ä–∞–Ω–∏—Ü–∞, –∫–æ—Ç–æ—Ä—ã–π –æ–±–æ–∑–Ω–∞—á–∞–µ—Ç, –∫–∞–∫–æ–π –∫–æ–º–ø–æ–Ω–µ–Ω—Ç —Å–∏—Å—Ç–µ–º—ã —è–≤–ª—è–µ—Ç—Å—è –ø—Ä–∏—á–∏–Ω–æ–π –≤–æ–∑–Ω–∏–∫—à–µ–π —Å–∏—Ç—É–∞—Ü–∏–∏, –∏ –≤—ã—Å—á–∏—Ç—ã–≤–∞–µ—Ç —Å—Ç–µ–ø–µ–Ω—å –≤–ª–∏—è–Ω–∏—è –≤–æ–∑–Ω–∏–∫—à–µ–π –æ—à–∏–±–∫–∏ –Ω–∞ –æ–±—â–µ–µ —Å–æ—Å—Ç–æ—è–Ω–∏–µ —Å–∏—Å—Ç–µ–º—ã.","–ê–Ω–∞–ª–∏—Ç–∏–∫, Java Backend, Frontend, –î–∏–∑–∞–π–Ω–µ—Ä, –¢–µ—Å—Ç–∏—Ä–æ–≤—â–∏–∫"
–£–ø—Ä–∞–≤–ª—è—é—â–∏–µ –ø—Ä–æ–≥—Ä–∞–º–º—ã –¥–ª—è –ª–∞–∑–µ—Ä–æ–≤,–†–∞–∑—Ä–∞–±–æ—Ç–∫–∞ —É–ø—Ä–∞–≤–ª—è—é—â–∏—Ö –ø—Ä–æ–≥—Ä–∞–º–º –¥–ª—è —Å–ø–µ—Ü–∏–∞–ª—å–Ω–æ–≥–æ –ª–∞–∑–µ—Ä–Ω–æ–≥–æ —Ç–µ—Ö–Ω–æ–ª–æ–≥–∏—á–µ—Å–∫–æ–≥–æ –æ–±–æ—Ä—É–¥–æ–≤–∞–Ω–∏—è,"Python Backend, ML engineer, DevOps, –¢–µ—Å—Ç–∏—Ä–æ–≤—â–∏–∫, –ò–Ω–∂–µ–Ω–µ—Ä –ë–ü–õ–ê"
"–û–±—Ä–∞–±–æ—Ç–∫–∞ –æ—Ç–∫—Ä—ã—Ç—ã—Ö –¥–∞–Ω–Ω—ã—Ö SCADA –∏ —Ä–∞–∑—Ä–∞–±–æ—Ç–∫–∞  –º–æ–¥–µ–ª–∏ –ø—Ä–µ–¥—Å–∫–∞–∑–∞–Ω–∏—è –≤—ã—Ä–∞–±–æ—Ç–∫–∏ –º–æ—â–Ω–æ—Å—Ç–∏ –¥–ª—è  –≤–µ—Ç—Ä–æ–ø–∞—Ä–∫–∞ –ø–æ –¥–∞–Ω–Ω—ã–º —Å–æ—Ä–µ–≤–Ω–æ–≤–∞–Ω–∏—è  KDD CUP 2022""","–í–µ—Ç—Ä–æ—ç–Ω–µ—Ä–≥–µ—Ç–∏–∫–∞ ‚Äì –Ω–µ—Å—Ç–∞–±–∏–ª—å–Ω–∞—è –≥–µ–Ω–µ—Ä–∞—Ü–∏—è —ç–ª–µ–∫—Ç—Ä–æ—ç–Ω–µ—Ä–≥–∏–∏.

üìå–ó–∞–¥–∞—á–∞ –∫–µ–π—Å–∞: 

–ü—Ä–æ—Å—Ç—Ä–∞–Ω—Å—Ç–≤–µ–Ω–Ω—ã–π –¥–∏–Ω–∞–º–∏—á–µ—Å–∫–∏–π –ø—Ä–æ–≥–Ω–æ–∑ —Å–∫–æ—Ä–æ—Å—Ç–∏ –∏ –º–æ—â–Ω–æ—Å—Ç–∏ –Ω–∞ 48 —á–∞—Å–æ–≤ –≤–ø–µ—Ä–µ–¥. 

üìé–ë–æ–ª–µ–µ –ø–æ–¥—Ä–æ–±–Ω—É—é –∏–Ω—Ñ–æ—Ä–º–∞—Ü–∏—é –æ –ø—Ä–æ–µ–∫—Ç–µ, –≤—ã –ø–æ–ª—É—á–∏—Ç–µ –≤—ã–±—Ä–∞–≤ —ç—Ç–æ—Ç –∫–µ–π—Å!","ML engineer, Python Backend, –ê–Ω–∞–ª–∏—Ç–∏–∫, DevOps, ML Ops Engineer"
–ì–µ–Ω–µ—Ä–∞—Ü–∏—è –≥—Ä–∞—Ñ–∏—á–µ—Å–∫–∏—Ö –∏–∑–æ–±—Ä–∞–∂–µ–Ω–∏–π,–†–∞–∑—Ä–∞–±–æ—Ç–∫–∞ —Ç–µ—Ö–Ω–æ–ª–æ–≥–∏–∏ –Ω–∞ –ø—Ä–∏–º–µ–Ω–µ–Ω–∏–µ –≥–µ–Ω–µ—Ä–∞—Ç–∏–≤–Ω—ã—Ö –Ω–µ–π—Ä–æ–Ω–Ω—ã—Ö —Å–µ—Ç–µ–π –¥–ª—è –≥—Ä–∞—Ñ–∏—á–µ—Å–∫–∏—Ö –∏–∑–æ–±—Ä–∞–∂–µ–Ω–∏–π,"ML engineer, –î–∏–∑–∞–π–Ω–µ—Ä, Python Backend, CV engineer, ML Ops Engineer"
–£–º–Ω–∞—è –∞–Ω–∞–ª–∏—Ç–∏–∫–∞ —Å–æ—Ü–∏–∞–ª—å–Ω—ã—Ö –º–µ–¥–∏–∞,"–†–∞–∑—Ä–∞–±–æ—Ç–∫–∞ –º–µ—Ç–æ–¥–∞ —É–Ω–∏—Ñ–∏–∫–∞—Ü–∏–∏ –≤ –∏–¥–µ–Ω—Ç–∏—Ñ–∏–∫–∞—Ü–∏–∏ –æ–±—ä–µ–∫—Ç–∞ –∏–Ω—Ç–µ—Ä–µ—Å–∞ –≤ —Å–æ–æ–±—â–µ–Ω–∏—è—Ö —ç–ª–µ–∫—Ç—Ä–æ–Ω–Ω—ã—Ö –°–ú–ò

–ö–æ–Ω—Ç–∞–∫—Ç–Ω–æ–µ –ª–∏—Ü–æ: –ö—É–±—Ä–∏–∫–æ–≤ –î–º–∏—Ç—Ä–∏–π –í–ª–∞–¥–∏–º–∏—Ä–æ–≤–∏—á","–ê–Ω–∞–ª–∏—Ç–∏–∫, ML engineer, Python Backend, –î–∏–∑–∞–π–Ω–µ—Ä, –¢–µ—Å—Ç–∏—Ä–æ–≤—â–∏–∫"
"–ê–Ω–∞–ª–∏–∑ —Ä–∞–±–æ—Ç—ã –º–Ω–æ–≥–æ–ø–æ—Ç–æ—á–Ω–æ–≥–æ –ü–û, —Ä–∞–±–æ—Ç–∞—é—â–µ–≥–æ –ø–æ–¥ —É–ø—Ä–∞–≤–ª–µ–Ω–∏–µ–º –û–° —Ä–µ–∞–ª—å–Ω–æ–≥–æ –≤—Ä–µ–º–µ–Ω–∏","–í —Ä–∞–º–∫–∞—Ö –¥–∞–Ω–Ω–æ–π —Ä–∞–±–æ—Ç—ã –Ω—É–∂–Ω–æ –±—É–¥–µ—Ç –æ—Å–≤–æ–∏—Ç—å –æ—Å–Ω–æ–≤—ã —Ä–∞–±–æ—Ç—ã —Å –û–° —Ä–µ–∞–ª—å–Ω–æ–≥–æ –≤—Ä–µ–º–µ–Ω–∏, –∏–∑—É—á–∏—Ç—å –ø–æ–¥—Ö–æ–¥—ã –∫ –∞–Ω–∞–ª–∏–∑—É —Ä–∞–±–æ—Ç—ã –ü–û –Ω–∞ –¥–∞–Ω–Ω–æ–π –û–°","–ê–Ω–∞–ª–∏—Ç–∏–∫, Python Backend, –¢–µ—Å—Ç–∏—Ä–æ–≤—â–∏–∫, DevOps, ML engineer"
AIOps: –°–∏—Å—Ç–µ–º–∞ –∞–Ω–∞–ª–∏–∑–∞ –ª–æ–≥–æ–≤ –¥–ª—è –ø–æ–∏—Å–∫–∞ –∞–Ω–æ–º–∞–ª–∏–π,"–ü—Ä–æ–µ–∫—Ç ""AIOps: –°–∏—Å—Ç–µ–º–∞ –ê–Ω–∞–ª–∏–∑–∞ –õ–æ–≥–æ–≤ –¥–ª—è –ü–æ–∏—Å–∫–∞ –ê–Ω–æ–º–∞–ª–∏–π"" –Ω–∞–ø—Ä–∞–≤–ª–µ–Ω –Ω–∞ —Ä–∞–∑—Ä–∞–±–æ—Ç–∫—É –ø–µ—Ä–µ–¥–æ–≤–æ–π —Å–∏—Å—Ç–µ–º—ã –∏—Å–∫—É—Å—Å—Ç–≤–µ–Ω–Ω–æ–≥–æ –∏–Ω—Ç–µ–ª–ª–µ–∫—Ç–∞, –ø—Ä–µ–¥–Ω–∞–∑–Ω–∞—á–µ–Ω–Ω–æ–π –¥–ª—è –º–æ–Ω–∏—Ç–æ—Ä–∏–Ω–≥–∞, –∞–Ω–∞–ª–∏–∑–∞ –∏ –æ–±–Ω–∞—Ä—É–∂–µ–Ω–∏—è –∞–Ω–æ–º–∞–ª–∏–π –≤ –ª–æ–≥–∞—Ö —Å–∏—Å—Ç–µ–º. –≠—Ç–æ—Ç –ø—Ä–æ–µ–∫—Ç –ø—Ä–µ–¥–ª–∞–≥–∞–µ—Ç —Å—Ç—É–¥–µ–Ω—Ç–∞–º –≤–æ–∑–º–æ–∂–Ω–æ—Å—Ç—å —Ä–∞–±–æ—Ç–∞—Ç—å —Å —Ä–µ–∞–ª—å–Ω—ã–º–∏ –¥–∞–Ω–Ω—ã–º–∏ –∏ –ø—Ä–∏–º–µ–Ω—è—Ç—å –º–µ—Ç–æ–¥—ã –º–∞—à–∏–Ω–Ω–æ–≥–æ –æ–±—É—á–µ–Ω–∏—è –∏ –≥–ª—É–±–æ–∫–æ–≥–æ –æ–±—É—á–µ–Ω–∏—è –¥–ª—è —Ä–µ—à–µ–Ω–∏—è –∑–∞–¥–∞—á AIOps (Artificial Intelligence for IT Operations).

–¶–µ–ª–∏ –ø—Ä–æ–µ–∫—Ç–∞:
- –†–∞–∑—Ä–∞–±–æ—Ç–∫–∞ –∞–ª–≥–æ—Ä–∏—Ç–º–æ–≤ –º–∞—à–∏–Ω–Ω–æ–≥–æ –æ–±—É—á–µ–Ω–∏—è: –°–æ–∑–¥–∞–Ω–∏–µ –∏ –æ–±—É—á–µ–Ω–∏–µ –º–æ–¥–µ–ª–µ–π –¥–ª—è —ç—Ñ—Ñ–µ–∫—Ç–∏–≤–Ω–æ–≥–æ –æ–±–Ω–∞—Ä—É–∂–µ–Ω–∏—è –∞–Ω–æ–º–∞–ª–∏–π –≤ –±–æ–ª—å—à–∏—Ö –æ–±—ä–µ–º–∞—Ö –ª–æ–≥-–¥–∞–Ω–Ω—ã—Ö.
- –ê–≤—Ç–æ–º–∞—Ç–∏–∑–∞—Ü–∏—è –ø—Ä–æ—Ü–µ—Å—Å–æ–≤ IT-–æ–ø–µ—Ä–∞—Ü–∏–π: –£–ª—É—á—à–µ–Ω–∏–µ –Ω–∞–¥–µ–∂–Ω–æ—Å—Ç–∏ –∏ –¥–æ—Å—Ç—É–ø–Ω–æ—Å—Ç–∏ —Å–∏—Å—Ç–µ–º –ø—É—Ç–µ–º —Ä–∞–Ω–Ω–µ–≥–æ –æ–±–Ω–∞—Ä—É–∂–µ–Ω–∏—è –∏ –ø—Ä–µ–¥–æ—Ç–≤—Ä–∞—â–µ–Ω–∏—è –ø–æ—Ç–µ–Ω—Ü–∏–∞–ª—å–Ω—ã—Ö —Å–±–æ–µ–≤.
- –ê–Ω–∞–ª–∏–∑ –∏ –æ–±—Ä–∞–±–æ—Ç–∫–∞ –¥–∞–Ω–Ω—ã—Ö: –ü—Ä–∏–º–µ–Ω–µ–Ω–∏–µ –º–µ—Ç–æ–¥–æ–≤ –ø—Ä–µ–¥–≤–∞—Ä–∏—Ç–µ–ª—å–Ω–æ–π –æ–±—Ä–∞–±–æ—Ç–∫–∏ –∏ –∞–Ω–∞–ª–∏–∑–∞ –¥–∞–Ω–Ω—ã—Ö –¥–ª—è –≤—ã—è–≤–ª–µ–Ω–∏—è –∑–∞–∫–æ–Ω–æ–º–µ—Ä–Ω–æ—Å—Ç–µ–π –∏ –∞–Ω–æ–º–∞–ª–∏–π.
- –ò–Ω—Ç–µ–≥—Ä–∞—Ü–∏—è —Å —Å—É—â–µ—Å—Ç–≤—É—é—â–∏–º–∏ —Å–∏—Å—Ç–µ–º–∞–º–∏: –û–±–µ—Å–ø–µ—á–µ–Ω–∏–µ –≤–æ–∑–º–æ–∂–Ω–æ—Å—Ç–∏ –∏–Ω—Ç–µ–≥—Ä–∞—Ü–∏–∏ —Ä–∞–∑—Ä–∞–±–æ—Ç–∞–Ω–Ω–æ–π —Å–∏—Å—Ç–µ–º—ã —Å —Å—É—â–µ—Å—Ç–≤—É—é—â–∏–º–∏ –∏–Ω—Å—Ç—Ä—É–º–µ–Ω—Ç–∞–º–∏ –º–æ–Ω–∏—Ç–æ—Ä–∏–Ω–≥–∞ –∏ —É–ø—Ä–∞–≤–ª–µ–Ω–∏—è IT-–∏–Ω—Ñ—Ä–∞—Å—Ç—Ä—É–∫—Ç—É—Ä–æ–π.

–ó–∞–¥–∞—á–∏ –ø—Ä–æ–µ–∫—Ç–∞:
- –ò–∑—É—á–µ–Ω–∏–µ —Å—É—â–µ—Å—Ç–≤—É—é—â–∏—Ö –ø–æ–¥—Ö–æ–¥–æ–≤ AIOps: –ê–Ω–∞–ª–∏–∑ –ª–∏—Ç–µ—Ä–∞—Ç—É—Ä—ã –∏ —Å—É—â–µ—Å—Ç–≤—É—é—â–∏—Ö —Ä–µ—à–µ–Ω–∏–π –¥–ª—è –ø–æ–∏—Å–∫–∞ –∞–Ω–æ–º–∞–ª–∏–π –≤ –ª–æ–≥–∞—Ö —Å–∏—Å—Ç–µ–º.
- –°–±–æ—Ä –∏ –ø—Ä–µ–¥–≤–∞—Ä–∏—Ç–µ–ª—å–Ω–∞—è –æ–±—Ä–∞–±–æ—Ç–∫–∞ –¥–∞–Ω–Ω—ã—Ö: –†–∞–±–æ—Ç–∞ —Å –ª–æ–≥-—Ñ–∞–π–ª–∞–º–∏, –æ—á–∏—Å—Ç–∫–∞ –¥–∞–Ω–Ω—ã—Ö –∏ –∏—Ö –ø–æ–¥–≥–æ—Ç–æ–≤–∫–∞ –¥–ª—è –∞–Ω–∞–ª–∏–∑–∞.
- –†–∞–∑—Ä–∞–±–æ—Ç–∫–∞ –º–æ–¥–µ–ª–µ–π –º–∞—à–∏–Ω–Ω–æ–≥–æ –æ–±—É—á–µ–Ω–∏—è: –ü—Ä–∏–º–µ–Ω–µ–Ω–∏–µ —Ä–∞–∑–ª–∏—á–Ω—ã—Ö –∞–ª–≥–æ—Ä–∏—Ç–º–æ–≤ –º–∞—à–∏–Ω–Ω–æ–≥–æ –æ–±—É—á–µ–Ω–∏—è –∏ –≥–ª—É–±–æ–∫–æ–≥–æ –æ–±—É—á–µ–Ω–∏—è –¥–ª—è —Å–æ–∑–¥–∞–Ω–∏—è –º–æ–¥–µ–ª–µ–π, —Å–ø–æ—Å–æ–±–Ω—ã—Ö —ç—Ñ—Ñ–µ–∫—Ç–∏–≤–Ω–æ –æ–±–Ω–∞—Ä—É–∂–∏–≤–∞—Ç—å –∞–Ω–æ–º–∞–ª–∏–∏.
- –¢–µ—Å—Ç–∏—Ä–æ–≤–∞–Ω–∏–µ –∏ –æ—Ü–µ–Ω–∫–∞ —Å–∏—Å—Ç–µ–º—ã: –ü—Ä–æ–≤–µ–¥–µ–Ω–∏–µ —ç–∫—Å–ø–µ—Ä–∏–º–µ–Ω—Ç–æ–≤ –¥–ª—è –æ—Ü–µ–Ω–∫–∏ —ç—Ñ—Ñ–µ–∫—Ç–∏–≤–Ω–æ—Å—Ç–∏ —Ä–∞–∑—Ä–∞–±–æ—Ç–∞–Ω–Ω–æ–π —Å–∏—Å—Ç–µ–º—ã –Ω–∞ —Ä–µ–∞–ª—å–Ω—ã—Ö –∏–ª–∏ —Å–∏–º—É–ª–∏—Ä–æ–≤–∞–Ω–Ω—ã—Ö –¥–∞–Ω–Ω—ã—Ö.
- –†–∞–∑—Ä–∞–±–æ—Ç–∫–∞ –∞—Ä—Ö–∏—Ç–µ–∫—Ç—É—Ä—ã: –°–æ–∑–¥–∞–Ω–∏–µ –∞—Ä—Ö–∏—Ç–µ–∫—Ç—É—Ä—ã –Ω–∞ –±–∞–∑–µ k8s —Å —á—Ç–µ–Ω–∏–µ–º —Å–∏—Å—Ç–µ–º–Ω—ã—Ö –ª–æ–≥–æ–≤ —Ä–∞–∑–ª–∏—á–Ω—ã—Ö —Å–µ—Ä–≤–∏—Å–æ–≤.
- –î–æ–∫—É–º–µ–Ω—Ç–∞—Ü–∏—è –∏ –ø—Ä–µ–¥—Å—Ç–∞–≤–ª–µ–Ω–∏–µ —Ä–µ–∑—É–ª—å—Ç–∞—Ç–æ–≤: –ü–æ–¥–≥–æ—Ç–æ–≤–∫–∞ —Ç–µ—Ö–Ω–∏—á–µ—Å–∫–æ–π –¥–æ–∫—É–º–µ–Ω—Ç–∞—Ü–∏–∏ –∏ –ø—Ä–µ–∑–µ–Ω—Ç–∞—Ü–∏—è —Ä–µ–∑—É–ª—å—Ç–∞—Ç–æ–≤ –ø—Ä–æ–µ–∫—Ç–∞.","ML engineer, DevOps, Python Backend, –¢–µ—Å—Ç–∏—Ä–æ–≤—â–∏–∫, –ê–Ω–∞–ª–∏—Ç–∏–∫"
–ö–∞—Ä—Ç–∞ –±—ã—Ç–æ–≤—ã—Ö –æ—Ç—Ö–æ–¥–æ–≤,–ú–æ–Ω–∏—Ç–æ—Ä–∏–Ω–≥ –º–µ—Å—Ç —Å–∫–ª–∞–¥–∏—Ä–æ–≤–∞–Ω–∏—è —Ç–≤–µ—Ä–¥—ã—Ö –±—ã—Ç–æ–≤—ã—Ö –æ—Ç—Ö–æ–¥–æ–≤ –ø–æ –¥–∞–Ω–Ω—ã–º —Å–ø—É—Ç–Ω–∏–∫–æ–≤—ã—Ö —Å–Ω–∏–º–∫–æ–≤ –∏ –∞—ç—Ä–æ—Ñ–æ—Ç–æ—Å—ä–µ–º–∫–∏.,"ML engineer, –ê–Ω–∞–ª–∏—Ç–∏–∫, –î–∏–∑–∞–π–Ω–µ—Ä, Python Backend, DevOps"
–ó–∞–º–µ–Ω–∞ –ø–µ—Ä—Å–æ–Ω–∞–∂–µ–π –≤ –ª–∏—Ç–µ—Ä–∞—Ç—É—Ä–Ω—ã—Ö –ø—Ä–æ–∏–∑–≤–µ–¥–µ–Ω–∏—è—Ö —Å –ø–æ–º–æ—â—å—é –±–æ–ª—å—à–∏—Ö —è–∑—ã–∫–æ–≤—ã—Ö –º–æ–¥–µ–ª–µ–π,"–≠–∫—Å–ø–µ—Ä–∏–º–µ–Ω—Ç–∏—Ä—É–µ–º —Å –∞–≤—Ç–æ–º–∞—Ç–∏—á–µ—Å–∫–∏–º –ø–µ—Ä–µ–ø–∏—Å—ã–≤–∞–Ω–∏–µ–º –ª–∏—Ç–µ—Ä–∞—Ç—É—Ä–Ω—ã—Ö –ø—Ä–æ–∏–∑–≤–µ–¥–µ–Ω–∏–π, –Ω–∞–ø—Ä–∏–º–µ—Ä, –∑–∞–º–µ–Ω—è—è ""–ê–ª–∏—Å—É"" –≤ –ê–ª–∏—Å–µ –≤ —Å—Ç—Ä–∞–Ω–µ —á—É–¥–µ—Å –Ω–∞ ""–ò–≤–∞–Ω—É—à–∫—É-–¥—É—Ä–∞—á–∫–∞"" (—Å –ø–æ–º–æ—â—å—é Chat-GPT –ø—Ä–æ–º–ø—Ç–æ–≤).","ML engineer, Python Backend, –ê–Ω–∞–ª–∏—Ç–∏–∫, –î–∏–∑–∞–π–Ω–µ—Ä"
–ù–∞—Ö–æ–∂–¥–µ–Ω–∏–µ –∞–Ω–æ–º–∞–ª–∏–π –≤ —Ä–∞–±–æ—Ç–µ –≤–µ–±-–ø—Ä–∏–ª–æ–∂–µ–Ω–∏—è –º–µ—Ç–æ–¥–æ–º –∞–Ω–∞–ª–∏–∑–∞ –≤—Ä–µ–º–µ–Ω–Ω—ã—Ö —Ä—è–¥–æ–≤,"–ù–∞ —Å–µ–≥–æ–¥–Ω—è—à–Ω–∏–π –¥–µ–Ω—å –æ—Ç –±–æ–ª—å—à–∏–Ω—Å—Ç–≤–∞ –≤–µ–±-—Å–µ—Ä–≤–∏—Å–æ–≤ —Ç—Ä–µ–±—É–µ—Ç—Å—è –±–µ—Å–ø–µ—Ä–µ–±–æ–π–Ω–∞—è —Ä–∞–±–æ—Ç–∞ –∏ –æ—Ç–∫–∞–∑–æ—É—Å—Ç–æ–π—á–∏–≤–æ—Å—Ç—å. 

–î–ª—è –ø–æ–¥–¥–µ—Ä–∂–∞–Ω–∏—è —Ä–∞–±–æ—Ç–æ—Å–ø–æ—Å–æ–±–Ω–æ—Å—Ç–∏ —Å–∏—Å—Ç–µ–º—ã –∏—Å–ø–æ–ª—å–∑—É—é—Ç—Å—è –∞–≤—Ç–æ–º–∞—Ç–∏–∑–∏—Ä–æ–≤–∞–Ω–Ω—ã–µ —Å–∏—Å—Ç–µ–º—ã –º–æ–Ω–∏—Ç–æ—Ä–∏–Ω–≥–∞, –∫–æ—Ç–æ—Ä—ã–µ –æ—Ç—Å–ª–µ–∂–∏–≤–∞—é—Ç –≤–æ–∑–Ω–∏–∫–∞—é—â–∏–µ –≤ —Å–∏—Å—Ç–µ–º–µ –æ—à–∏–±–∫–∏, –¥–ª—è —É–≤–µ–¥–æ–º–ª–µ–Ω–∏—è –æ—Ç–≤–µ—Ç—Å—Ç–≤–µ–Ω–Ω—ã—Ö –ª–∏—Ü –∏ —É—Å—Ç—Ä–∞–Ω–µ–Ω–∏—è –∏–Ω—Ü–∏–¥–µ–Ω—Ç–∞. –ù–æ –∏–∑-–∑–∞ —Å–µ–∑–æ–Ω–Ω–æ—Å—Ç–∏ –¥–∞–Ω–Ω—ã—Ö (–Ω–∞–ø—Ä–∏–º–µ—Ä, —Ä–∞–∑–Ω–æ–µ –∫–æ–ª–∏—á–µ—Å—Ç–≤–æ –ø—Ä–æ—Å–º–æ—Ç—Ä–∞ –Ω–∞ —Å–∞–π—Ç–µ –¥–Ω–µ–º –∏ –Ω–æ—á—å—é), –∞–≤—Ç–æ–º–∞—Ç–∏–∑–∏—Ä–æ–≤–∞–Ω–Ω—ã–π –º–æ–Ω–∏—Ç–æ—Ä–∏–Ω–≥ —Å –ø–æ–º–æ—â—å—é —Å—Ç–∞–Ω–¥–∞—Ä—Ç–Ω—ã—Ö –∏–Ω—Å—Ç—Ä—É–º–µ–Ω—Ç–æ–≤ —Å—Ç–∞–Ω–æ–≤–∏—Ç—Å—è –Ω–µ–≤–æ–∑–º–æ–∂–Ω—ã–º.

–ù–µ–æ–±—Ö–æ–¥–∏–º–æ —Ä–µ–∞–ª–∏–∑–æ–≤–∞—Ç—å –∏–Ω—Å—Ç—Ä—É–º–µ–Ω—Ç, –≤–∏–∑—É–∞–ª—å–Ω–∞—è —á–∞—Å—Ç—å –∫–æ—Ç–æ—Ä–æ–≥–æ –º–æ–∂–µ—Ç –±—ã—Ç—å —Ä–µ–∞–ª–∏–∑–æ–≤–∞–Ω–∞ –∫–∞–∫ –≤–µ–±-—Å—Ç—Ä–∞–Ω–∏—Ü–∞, –∫–æ—Ç–æ—Ä—ã–π –∞–Ω–∞–ª–∏–∑–∏—Ä—É–µ—Ç —Ä–∞–±–æ—Ç—É –≤–µ–±-–ø—Ä–∏–ª–æ–∂–µ–Ω–∏—è, –¥–∞–Ω–Ω—ã–µ –≤—Ä–µ–º–µ–Ω–Ω—ã—Ö —Ä—è–¥–æ–≤ (–∫–æ–ª–∏—á–µ—Å—Ç–≤–æ –∑–∞–ø—Ä–æ—Å–æ–≤, –≤—Ä–µ–º—è –æ—Ç–≤–µ—Ç–∞, –ø–æ—Ç—Ä–µ–±–ª–µ–Ω–∏–µ cpu, etc), –∏ –Ω–∞—Ö–æ–∏—Ç –∞–Ω–æ–º–∞–ª–∏–∏ –≤ —ç—Ç–∏—Ö –¥–∞–Ω–Ω—ã—Ö.","ML engineer, Python Backend, DevOps, Frontend, –ê–Ω–∞–ª–∏—Ç–∏–∫"
–ê–≤—Ç–æ–º–∞—Ç–∏—á–µ—Å–∫–∏–π –∞–Ω–∞–ª–∏–∑ –ª–∏—Ç–µ—Ä–∞—Ç—É—Ä–Ω—ã—Ö –ø—Ä–æ–∏–∑–≤–µ–¥–µ–Ω–∏–π —Å –ø–æ–º–æ—â—å—é –±–æ–ª—å—à–∏—Ö —è–∑—ã–∫–æ–≤—ã—Ö –º–æ–¥–µ–ª–µ–π –∏ –º–∞—à–∏–Ω–Ω–æ–≥–æ –æ–±—É—á–µ–Ω–∏—è,"–ò–∑ –ª–∏—Ç–µ—Ä–∞—Ç—É—Ä–Ω—ã—Ö –ø—Ä–æ–∏–∑–≤–µ–¥–µ–Ω–∏–π –≤—ã–¥–µ–ª—è–µ–º —Ö–∞—Ä–∞–∫—Ç–µ—Ä–∏—Å—Ç–∏–∫–∏ –ø–µ—Ä—Å–æ–Ω–∞–∂–µ–π (–ø–æ —Ñ—Ä–∞–≥–º–µ–Ω—Ç–∞–º/–≥–ª–∞–≤–∞–º) –∏ —Å—Ç—Ä–æ–∏–º –≤–∏–∑—É–∞–ª–∏–∑–∞—Ü–∏—é, –∫–æ—Ç–æ—Ä–∞—è –¥–µ–º–æ—Å—Ç—Ä–∏—Ä—É–µ—Ç —Å—é–∂–µ—Ç—ã, –∏–∑–º–µ–Ω–µ–Ω–∏–µ –ø–µ—Ä—Å–æ–Ω–∞–∂–µ–π –ø–æ —Ö–æ–¥—É –ø—Ä–æ–∏–∑–≤–µ–¥–µ–Ω–∏—è, –ø–æ–∑–≤–æ–ª—è–µ—Ç —Å–≥—Ä—É–ø–ø–∏—Ä–æ–≤–∞—Ç—å –ø—Ä–æ–∏–∑–≤–µ–¥–µ–Ω–∏—è (–∫–ª–∞—Å—Ç–µ—Ä–∏–∑–∞—Ü–∏—è) –∏ —Ç.–¥.","ML engineer, Python Backend, –ê–Ω–∞–ª–∏—Ç–∏–∫, –î–∏–∑–∞–π–Ω–µ—Ä, DevOps"
–í–æ—Å—Å—Ç–∞–Ω–æ–≤–ª–µ–Ω–∏–µ —Ü–≤–µ—Ç–∞ —Ñ–æ—Ç–æ–≥—Ä–∞—Ñ–∏–π –ø—Ä–∏ –ø–æ–º–æ—â–∏ —Å—Ä–µ–¥—Å—Ç–≤ –º–∞—à–∏–Ω–Ω–æ–≥–æ –æ–±—É—á–µ–Ω–∏—è,"–†–µ–∑—É–ª—å—Ç–∞—Ç–æ–º —Ä–∞–±–æ—Ç—ã –ø—Ä–µ–¥–ø–æ–ª–∞–≥–∞–µ—Ç—Å—è –≤–µ–±-—Å–µ—Ä–≤–∏—Å, –∏—Å–ø–æ–ª—å–∑—É—é—â–∏–π —Ä–∞–∑—Ä–∞–±–æ—Ç–∞–Ω–Ω—É—é —Å—Ç—É–¥–µ–Ω—Ç–æ–º –º–∞—Ç–µ–º–∞—Ç–∏—á–µ—Å–∫—É—é –º–æ–¥–µ–ª—å –¥–ª—è –≤–æ—Å—Å—Ç–∞–Ω–æ–≤–ª–µ–Ω–∏—è —Ü–≤–µ—Ç–∞ –∑–∞–≥—Ä—É–∂–∞–µ–º—ã—Ö –Ω–∞ —ç—Ç–æ—Ç —Å–µ—Ä–≤–∏—Å –∏–∑–æ–±—Ä–∞–∂–µ–Ω–∏–π. 

–í–æ—Å—Å—Ç–∞–Ω–æ–≤–ª–µ–Ω–∏–µ —Ü–≤–µ—Ç–æ–≤, –æ—Å–æ–±–µ–Ω–Ω–æ –Ω–∞ —Ä–∞–Ω–Ω–∏—Ö —á–µ—Ä–Ω–æ-–±–µ–ª—ã—Ö —Ñ–æ—Ç–æ–≥—Ä–∞—Ñ–∏—è—Ö, —Å–¥–µ–ª–∞–Ω–Ω—ã—Ö –¥–æ –Ω–∞—á–∞–ª–∞ XIX –≤–µ–∫–∞, –ø—Ä–µ–¥—Å—Ç–∞–≤–ª—è–µ—Ç –¥–æ—Å—Ç–∞—Ç–æ—á–Ω–æ —Å–ª–æ–∂–Ω—É—é –∑–∞–¥–∞—á—É. –û–¥–Ω–∞–∫–æ —Å —Ä–∞–∑–≤–∏—Ç–∏–µ–º –º–∞—à–∏–Ω–Ω–æ–≥–æ –æ–±—É—á–µ–Ω–∏—è –¥–∞–Ω–Ω–∞—è –∑–∞–¥–∞—á–∞ –ø–æ–ª—É—á–∏–ª–∞ –∑–Ω–∞—á–∏—Ç–µ–ª—å–Ω—ã–π —Ç–æ–ª—á–æ–∫ –∏ –ø–æ–∑–≤–æ–ª–∏–ª–∞ –ø–æ–ª—É—á–∞—Ç—å –≤—Å–µ –±–æ–ª–µ–µ –∏ –±–æ–ª–µ–µ –≤–ø–µ—á–∞—Ç–ª—è—é—â–∏–µ —Ä–µ–∑—É–ª—å—Ç–∞—Ç—ã. """"–ì–æ–Ω–∫–∞ –≤–æ–æ—Ä—É–∂–µ–Ω–∏–π"""" –≤ —ç—Ç–æ–π —Å—Ñ–µ—Ä–µ –∫–æ–º–ø—å—é—Ç–µ—Ä–Ω–æ–≥–æ –∑—Ä–µ–Ω–∏—è –Ω–µ –ø—Ä–µ–∫—Ä–∞—â–∞–µ—Ç—Å—è –Ω–∏ –Ω–∞ –¥–µ–Ω—å.","ML engineer, CV engineer, Python Backend, Frontend, –î–∏–∑–∞–π–Ω–µ—Ä"
–ê–≤—Ç–æ–º–∞—Ç–∏–∑–∞—Ü–∏—è —Ç–µ—Å—Ç–∏—Ä–æ–≤–∞–Ω–∏—è –∞–≤—Ç–æ–ø–∏–ª–æ—Ç–∞,"- –í–∑–∞–∏–º–æ–¥–µ–π—Å—Ç–≤–∏–µ –ø—Ä–æ—à–∏–≤–∫–∏ –∞–≤—Ç–æ–ø–∏–ª–æ—Ç–∞ –≤ —Ä–µ–∂–∏–º–µ —Å–∏—Ç–ª —Å –º–æ–¥–µ–ª—å—é –¥–∏–Ω–∞–º–∏–∫–∏
- –§–æ—Ä–º–∏—Ä–æ–≤–∞–Ω–∏–µ —Ç–∏–ø–æ–≤—ã—Ö —Å—Ü–µ–Ω–∞—Ä–∏–µ–≤ –ø–æ–ª—ë—Ç–∞ –∏ —Ñ–æ—Ä–º–∞–ª–∏–∑–∞—Ü–∏—è –æ–∂–∏–¥–∞–µ–º—ã—Ö —Ä–µ–∑—É–ª—å—Ç–∞—Ç–æ–≤
- –ü—Ä–æ–≤–µ–¥–µ–Ω–∏–µ –∞–≤—Ç–æ–º–∞—Ç–∏—á–µ—Å–∫–∏—Ö —Ç–µ—Å—Ç–æ–≤ –ø–æ —Ä–∞–∑—Ä–∞–±–æ—Ç–∞–Ω–Ω—ã–º —Å—Ü–µ–Ω–∞—Ä–∏—è–º
- –ê–Ω–∞–ª–∏–∑ –ø–æ–ª—É—á–µ–Ω–Ω—ã—Ö —Ä–µ–∑—É–ª—å—Ç–∞—Ç–æ–≤. –ê–Ω–∞–ª–∏–∑ –±–ª–∏–∑–æ—Å—Ç–∏ –∫ –æ–∂–∏–¥–∞–µ–º—ã–º –ø–æ–∫–∞–∑–∞—Ç–µ–ª—è–º. –°—Ä–∞–≤–Ω–µ–Ω–∏–µ —Å –¥—Ä—É–≥–∏–º–∏ —ç–∫—Å–ø–µ—Ä–∏–º–µ–Ω—Ç–∞–º–∏.
","–¢–µ—Å—Ç–∏—Ä–æ–≤—â–∏–∫, –ê–Ω–∞–ª–∏—Ç–∏–∫, ML engineer, DevOps, –î–∏–∑–∞–π–Ω–µ—Ä"
–î–µ—Ç–µ–∫—Ç–∏—Ä–æ–≤–∞–Ω–∏–µ –±–æ—Ä—â–µ–≤–∏–∫–∞ —Å–æ—Å–Ω–æ–≤—Å–∫–æ–≥–æ –Ω–∞ –æ—Å–Ω–æ–≤–∞–Ω–∏–∏ –¥–∞–Ω–Ω—ã—Ö —Å–æ —Å–Ω–∏–º–∫–æ–≤ –¥—Ä–æ–Ω–∞,"–¶–µ–ª—å –∏—Ç–æ–≥–æ–≤–æ–π –∞—Ç—Ç–µ—Å—Ç–∞—Ü–∏–æ–Ω–Ω–æ–π —Ä–∞–±–æ—Ç—ã ‚Äì —Ä–∞–∑—Ä–∞–±–æ—Ç–∫–∞ –Ω–µ–π—Ä–æ—Å–µ—Ç–µ–≤–æ–π –º–æ–¥–µ–ª–∏, –∫–æ—Ç–æ—Ä–∞—è —Å–ø–æ—Å–æ–±–Ω–∞ –æ–ø—Ä–µ–¥–µ–ª—è—Ç—å –≤ –≤–∏–¥–µ–æ–ø–æ—Ç–æ–∫–µ –¥—Ä–æ–Ω–∞ –ø–æ—Ä–∞–∂–µ–Ω–Ω—ã–µ —É—á–∞—Å—Ç–∫–∏ –ø–æ–¥—Å—Ç–∏–ª–∞—é—â–µ–π –ø–æ–≤–µ—Ä—Ö–Ω–æ—Å—Ç–∏. –î–∞–Ω–Ω–∞—è –∑–∞–¥–∞—á–∞ –±—É–¥–µ—Ç —Å—á–∏—Ç–∞—Ç—å—Å—è –≤—ã–ø–æ–ª–Ω–µ–Ω–∞, –µ—Å–ª–∏ –æ–±—É—á–µ–Ω–Ω–∞—è –º–æ–¥–µ–ª—å –±—É–¥–µ—Ç –≤—ã–¥–µ–ª—è—Ç—å –ë–æ—Ä—â–µ–≤–∏–∫ –Ω–∞ —Ñ–æ–Ω–µ –æ—Å—Ç–∞–ª—å–Ω—ã—Ö —Ä–∞—Å—Ç–µ–Ω–∏–π.","ML engineer, CV engineer, Python Backend, –î–∏–∑–∞–π–Ω–µ—Ä, –¢–µ—Å—Ç–∏—Ä–æ–≤—â–∏–∫"
–†–∞–∑—Ä–∞–±–æ—Ç–∫–∞ –≤–µ–±-–ø—Ä–∏–ª–æ–∂–µ–Ω–∏—è –¥–ª—è –º–æ–Ω–∏—Ç–æ—Ä–∏–Ω–≥–∞ –∏ –∞–Ω–∞–ª–∏–∑–∞ —Ä–∞–±–æ—Ç—ã –≤–∏—Ä—Ç—É–∞–ª—å–Ω—ã—Ö –º–∞—à–∏–Ω —Å –∏—Å–ø–æ–ª—å–∑–æ–≤–∞–Ω–∏–µ–º –∏—Å–∫—É—Å—Å—Ç–≤–µ–Ω–Ω–æ–≥–æ –∏–Ω—Ç–µ–ª–ª–µ–∫—Ç–∞,"–í–µ–±-–ø—Ä–∏–ª–æ–∂–µ–Ω–∏–µ, –∫–æ—Ç–æ—Ä–æ–µ –±—É–¥–µ—Ç –ø—Ä–æ–≤–æ–¥–∏—Ç—å –º–æ–Ω–∏—Ç–æ—Ä–∏–Ω–≥ –∏ –∞–Ω–∞–ª–∏–∑–∏—Ä–æ–≤–∞—Ç—å —Ä–∞–±–æ—Ç—É –≤–∏—Ä—Ç—É–∞–ª—å–Ω—ã—Ö –º–∞—à–∏–Ω. –ò—Å–∫—É—Å—Å—Ç–≤–µ–Ω–Ω—ã–π –∏–Ω—Ç–µ–ª–ª–µ–∫—Ç –±—É–¥–µ—Ç –∏—Å–ø–æ–ª—å–∑–æ–≤–∞—Ç—å—Å—è –¥–ª—è –æ–±–Ω–∞—Ä—É–∂–µ–Ω–∏—è –∞–Ω–æ–º–∞–ª–∏–π, –ø—Ä–µ–¥—Å–∫–∞–∑–∞–Ω–∏—è –≤–æ–∑–º–æ–∂–Ω—ã—Ö –ø—Ä–æ–±–ª–µ–º –∏ —Ä–µ–∫–æ–º–µ–Ω–¥–∞—Ü–∏–π –ø–æ —É–ª—É—á—à–µ–Ω–∏—é –ø—Ä–æ–∏–∑–≤–æ–¥–∏—Ç–µ–ª—å–Ω–æ—Å—Ç–∏.","Python Backend, ML engineer, DevOps, Frontend, –ê–Ω–∞–ª–∏—Ç–∏–∫"
–§–æ—Ä–º–∏—Ä–æ–≤–∞–Ω–∏–µ —á–∞—Ç –±–æ—Ç–∞ —Å –∏—Å–∫—É—Å—Å—Ç–≤–µ–Ω–Ω—ã–º –∏–Ω—Ç–µ–ª–ª–µ–∫—Ç–æ–º –¥–ª—è –ø–æ–º–æ—â–∏ –≤ —Ä–∞–±–æ—Ç–µ HR-–º–µ–Ω–µ–¥–∂–µ—Ä–∞,"–¶–µ–ª—å: —Å–æ–∑–¥–∞–Ω–∏–µ —á–∞—Ç-–±–æ—Ç–∞ —Å –ø–æ–¥–¥–µ—Ä–∂–∫–æ–π –∏—Å–∫—É—Å—Å—Ç–≤–µ–Ω–Ω–æ–≥–æ –∏–Ω—Ç–µ–ª–ª–µ–∫—Ç–∞ –¥–ª—è –∞–≤—Ç–æ–º–∞—Ç–∏–∑–∞—Ü–∏–∏ —Ä–∞–±–æ—Ç—ã 

–ó–∞–¥–∞—á–∏:  
‚Ä¢ —Å–æ–∑–¥–∞–Ω–∏–µ —á–∞—Ç –±–æ—Ç–∞ —Å –ø–æ–º–æ—â—å—é –±–ª–æ–∫ —Å—Ö–µ–º—ã 
‚Ä¢ –ø—Ä–∏–ø–∏—Å—ã–≤–∞–Ω–∏–µ –≤–æ–ø—Ä–æ—Å–æ–≤ –∏ –æ—Ç–≤–µ—Ç–æ–≤ —á–∞—Ç-–±–æ—Ç–∞ 
‚Ä¢ –ø–æ–¥–∫–ª—é—á–µ–Ω–∏–µ –∏—Å–∫—É—Å—Å—Ç–≤–µ–Ω–Ω–æ–≥–æ –∏–Ω—Ç–µ–ª–ª–µ–∫—Ç–∞ –∫ –±–ª–æ–∫ —Å—Ö–µ–º–µ","ML engineer, Python Backend, DevOps, –¢–µ—Å—Ç–∏—Ä–æ–≤—â–∏–∫, –ê–Ω–∞–ª–∏—Ç–∏–∫"
–ü—Ä–∏–º–µ–Ω–µ–Ω–∏–µ —Å–≤–µ—Ä—Ç–æ—á–Ω—ã—Ö –Ω–µ–π—Ä–æ–Ω–Ω—ã—Ö —Å–µ—Ç–µ–π –¥–ª—è —Å–µ–≥–º–µ–Ω—Ç–∞—Ü–∏–∏ —Å–æ—Å—É–¥–æ–≤ –ø—Ä–∏ –Ω–∞–ª–∏—á–∏–∏ —Å—Ç–µ–Ω–æ–∑–∞ —Å –∏—Å–ø–æ–ª—å–∑–æ–≤–∞–Ω–∏–µ–º –¥–∞–Ω–Ω—ã—Ö —Ä–µ–Ω—Ç–≥–µ–Ω–æ–≤—Å–∫–æ–π –∫–æ—Ä–æ–Ω–∞—Ä–æ–≥—Ä–∞—Ñ–∏–∏,"–≠—Ç–æ—Ç –ø—Ä–æ–µ–∫—Ç —Ñ–æ–∫—É—Å–∏—Ä—É–µ—Ç—Å—è –Ω–∞ –∏—Å–ø–æ–ª—å–∑–æ–≤–∞–Ω–∏–∏ —Å–≤–µ—Ä—Ç–æ—á–Ω—ã—Ö –Ω–µ–π—Ä–æ–Ω–Ω—ã—Ö —Å–µ—Ç–µ–π (–°–ù–°) –¥–ª—è –∞–Ω–∞–ª–∏–∑–∞ –∏–∑–æ–±—Ä–∞–∂–µ–Ω–∏–π, –ø–æ–ª—É—á–µ–Ω–Ω—ã—Ö –º–µ—Ç–æ–¥–æ–º —Ä–µ–Ω—Ç–≥–µ–Ω–æ–≤—Å–∫–æ–π –∫–æ—Ä–æ–Ω–∞—Ä–æ–≥—Ä–∞—Ñ–∏–∏. –¶–µ–ª—å –ø—Ä–æ–µ–∫—Ç–∞ ‚Äî –∞–≤—Ç–æ–º–∞—Ç–∏–∑–∏—Ä–æ–≤–∞—Ç—å –ø—Ä–æ—Ü–µ—Å—Å —Å–µ–≥–º–µ–Ω—Ç–∞—Ü–∏–∏ –∫–æ—Ä–æ–Ω–∞—Ä–Ω—ã—Ö —Å–æ—Å—É–¥–æ–≤ –¥–ª—è –æ–±–Ω–∞—Ä—É–∂–µ–Ω–∏—è —Å—Ç–µ–Ω–æ–∑–æ–≤, —á—Ç–æ —è–≤–ª—è–µ—Ç—Å—è –∫–ª—é—á–µ–≤—ã–º –¥–ª—è –¥–∏–∞–≥–Ω–æ—Å—Ç–∏–∫–∏ –∏ –ª–µ—á–µ–Ω–∏—è —Å–µ—Ä–¥–µ—á–Ω–æ-—Å–æ—Å—É–¥–∏—Å—Ç—ã—Ö –∑–∞–±–æ–ª–µ–≤–∞–Ω–∏–π. –°–ù–° —Å–ø–æ—Å–æ–±–Ω—ã –æ–±—É—á–∞—Ç—å—Å—è –Ω–∞ –±–æ–ª—å—à–æ–º –æ–±—ä–µ–º–µ –¥–∞–Ω–Ω—ã—Ö, –≤—ã—è–≤–ª—è—è —Å–ª–æ–∂–Ω—ã–µ –ø–∞—Ç—Ç–µ—Ä–Ω—ã –∏ –æ—Å–æ–±–µ–Ω–Ω–æ—Å—Ç–∏, —á—Ç–æ –¥–µ–ª–∞–µ—Ç –∏—Ö –∏–¥–µ–∞–ª—å–Ω—ã–º–∏ –¥–ª—è –∑–∞–¥–∞—á —Å–µ–≥–º–µ–Ω—Ç–∞—Ü–∏–∏ –∏–∑–æ–±—Ä–∞–∂–µ–Ω–∏–π, –æ—Å–æ–±–µ–Ω–Ω–æ –≤ –º–µ–¥–∏—Ü–∏–Ω—Å–∫–æ–π —Å—Ñ–µ—Ä–µ, –≥–¥–µ —Ç–æ—á–Ω–æ—Å—Ç—å –∫—Ä–∏—Ç–∏—á–µ—Å–∫–∏ –≤–∞–∂–Ω–∞.","ML engineer, Python Backend, –ê–Ω–∞–ª–∏—Ç–∏–∫, –î–∏–∑–∞–π–Ω–µ—Ä, –¢–µ—Å—Ç–∏—Ä–æ–≤—â–∏–∫"
–õ–µ–¥–æ–≤–∞—è —Ä–∞–∑–≤–µ–¥–∫–∞ –≤ –ö–∞—Ä—Å–∫–æ–º –º–æ—Ä–µ,–ú–æ–Ω–∏—Ç–æ—Ä–∏–Ω–≥ –ª–µ–¥–Ω–∏–∫–æ–≤ –∏ –ª–µ–¥–æ–≤–∞—è —Ä–∞–∑–≤–µ–¥–∫–∞ –≤ –ö–∞—Ä—Å–∫–æ–º –º–æ—Ä–µ –∏ –º–µ—Ç–æ–¥–∞–º–∏ –º–∞—à–∏–Ω–Ω–æ–≥–æ –æ–±—É—á–µ–Ω–∏—è –ø–æ –¥–∞–Ω–Ω—ã–º –î–ó–ó.,"ML engineer, Python Backend, DevOps, –ê–Ω–∞–ª–∏—Ç–∏–∫, CV engineer"
–†–∞–∑—Ä–∞–±–æ—Ç–∫–∞ –∫–æ–Ω—Ü–µ–ø—Ç–∞ —ç–∫—Å–ø–µ—Ä—Ç–Ω–æ–π —Å–∏—Å—Ç–µ–º—ã –ø–æ –ø—Ä–µ–¥–ø–æ–ª–µ—Ç–Ω–æ–º—É –∫–æ–Ω—Ç—Ä–æ–ª—é –∞–≤–∏–∞—Ü–∏–æ–Ω–Ω–æ–≥–æ –±–æ–µ–≤–æ–≥–æ –∫–æ–º–ø–ª–µ–∫—Å–∞,"–¶–µ–ª–µ–≤–∞—è –∞—É–¥–∏—Ç–æ—Ä–∏—è: –ê–≤–∏–∞—Ü–∏–æ–Ω–Ω—ã–µ —Ç–µ—Ö–Ω–∏—á–µ—Å–∫–∏–µ –æ—Ç—Ä—è–¥—ã –≤ —Å–æ—Å—Ç–∞–≤–µ –∏–Ω–∂–µ–Ω–µ—Ä–Ω–æ-–∞–≤–∏–∞—Ü–∏–æ–Ω–Ω–æ–π —Å–ª—É–∂–±—ã –≤–æ–∏–Ω—Å–∫–∏—Ö —á–∞—Å—Ç–µ–π. 

–û–±—Ä–∞–∑ —Ä–µ–∑—É–ª—å—Ç–∞—Ç–∞: –£—Å—Ç—Ä–æ–π—Å—Ç–≤–æ, –ø–æ–∑–≤–æ–ª—è—é—â–µ–µ –≤ —Ä–µ–∂–∏–º–µ –≤–∏–¥–µ–æ–Ω–∞–±–ª—é–¥–µ–Ω–∏—è —Ñ–∏–∫—Å–∏—Ä–æ–≤–∞—Ç—å –Ω–µ–¥–æ—á–µ—Ç—ã –∏ –Ω–µ–∏—Å–ø—Ä–∞–≤–Ω–æ—Å—Ç–∏ –∞–≤–∏–∞—Ü–∏–æ–Ω–Ω–æ–≥–æ –±–æ–µ–≤–æ–≥–æ –∫–æ–º–ø–ª–µ–∫—Å–∞ –≤ –ø—Ä–æ—Ü–µ—Å—Å–µ –ø—Ä–µ–¥–ø–æ–ª–µ—Ç–Ω–æ–π –ø–æ–¥–≥–æ—Ç–æ–≤–∫–∏.

–¶–µ–ª—å –ø—Ä–æ–µ–∫—Ç–∞: –ü–æ–≤—ã—Å–∏—Ç—å —ç—Ñ—Ñ–µ–∫—Ç–∏–≤–Ω–æ—Å—Ç—å –ø—Ä–µ–¥–ø–æ–ª–µ—Ç–Ω–æ–π –ø–æ–¥–≥–æ—Ç–æ–≤–∫–∏ –∞–≤–∏–∞—Ü–∏–æ–Ω–Ω–æ–≥–æ –±–æ–µ–≤–æ–≥–æ –∫–æ–º–ø–ª–µ–∫—Å–∞. –í–Ω–µ–¥—Ä–µ–Ω–∏–µ –¥–æ–ø–æ–ª–Ω–∏—Ç–µ–ª—å–Ω–æ–π —Å—Ç–µ–ø–µ–Ω–∏ –∑–∞—â–∏—Ç—ã –æ—Ç –Ω–µ–≤–Ω–∏–º–∞—Ç–µ–ª—å–Ω–æ—Å—Ç–∏ –∏–Ω–∂–µ–Ω–µ—Ä–æ–≤ –∞–≤–∏–∞—Ü–∏–æ–Ω–Ω—ã—Ö —Ç–µ—Ö–Ω–∏—á–µ—Å–∫–∏—Ö –æ—Ç—Ä—è–¥–æ–≤.","–ò–Ω–∂–µ–Ω–µ—Ä –ë–ü–õ–ê, ML engineer, –¢–µ—Å—Ç–∏—Ä–æ–≤—â–∏–∫, –ê–Ω–∞–ª–∏—Ç–∏–∫, –î–∏–∑–∞–π–Ω–µ—Ä"
–§–æ—Ä–º–∏—Ä–æ–≤–∞–Ω–∏–µ –ë–î –¥–ª—è Postgresql –Ω–∞ –æ—Å–Ω–æ–≤–µ ER-–º–æ–¥–µ–ª–∏,"–ù—É–∂–Ω–æ –±—É–¥–µ—Ç –ø—Ä–æ–≤–µ—Å—Ç–∏ –∏—Å—Å–ª–µ–¥–æ–≤–∞–Ω–∏–µ —Å—É—â–µ—Å—Ç–≤—É—é—â–∏—Ö –∏–Ω—Å—Ç—Ä—É–º–µ–Ω—Ç–æ–≤ ER –º–æ–¥–µ–ª–∏—Ä–æ–≤–∞–Ω–∏—è –±–∞–∑ –¥–∞–Ω–Ω—ã—Ö. –†–µ–∑—É–ª—å—Ç–∞—Ç–æ–º –¥–æ–ª–∂–Ω–æ —Å—Ç–∞—Ç—å desktop –ø—Ä–∏–ª–æ–∂–µ–Ω–∏–µ —Å –≥—Ä–∞—Ñ–∏—á–µ—Å–∫–∏–º –∏–Ω—Ç–µ—Ä—Ñ–µ–π—Å–æ–º –∏–ª–∏ –±–µ–∑ (c++/Qt –ª–∏–±–æ PyQt), —Å–ø–æ—Å–æ–±–Ω–æ–µ –∫–æ–Ω—Å—Ç—Ä—É–∏—Ä–æ–≤–∞—Ç—å —Å—Ç—Ä—É–∫—Ç—É—Ä—É –ë–î –Ω–∞ –æ—Å–Ω–æ–≤–µ ER –º–æ–¥–µ–ª–∏.","C++ Backend, Python Backend, –î–∏–∑–∞–π–Ω–µ—Ä, –ê–Ω–∞–ª–∏—Ç–∏–∫, –¢–µ—Å—Ç–∏—Ä–æ–≤—â–∏–∫"
"–†–∞—Å—á–µ—Ç —Å–±–æ—Ä–∞, –æ—Ç–≤–µ–¥–µ–Ω–∏—è –∏ –æ—á–∏—Å—Ç–∫–∏ –ø–æ–≤–µ—Ä—Ö–Ω–æ—Å—Ç–Ω–æ–≥–æ —Å—Ç–æ–∫–∞","**–¢–∏–ø –ø—Ä–æ–µ–∫—Ç–∞ (—Å–µ—Ä–≤–∏—Å, –ø—Ä–æ–¥—É–∫—Ç, –º–æ–¥–µ–ª—å, –∞–ª–≥–æ—Ä–∏—Ç–º –∏ —Ç.–ø.):**
–°–µ—Ä–≤–∏—Å


**–¶–µ–ª—å –ø—Ä–æ–µ–∫—Ç–∞:**
–ê–≤—Ç–æ–º–∞—Ç–∏–∑–∞—Ü–∏—è –ø—Ä–æ—Ü–µ—Å—Å–æ–≤ —Ä–∞—Å—á–µ—Ç–∞ –∫–æ–ª–∏—á–µ—Å—Ç–≤–µ–Ω–Ω—ã—Ö –∏ –∫–∞—á–µ—Å—Ç–≤–µ–Ω–Ω—ã—Ö —Ö–∞—Ä–∞–∫—Ç–µ—Ä–∏—Å—Ç–∏–∫ –ø–æ–≤–µ—Ä—Ö–Ω–æ—Å—Ç–Ω–æ–≥–æ —Å—Ç–æ–∫–∞ –¥–ª—è –ø—Ä–æ–µ–∫—Ç–∏—Ä–æ–≤–∞–Ω–∏—è —Å–∏—Å—Ç–µ–º –≤–æ–¥–æ–æ—Ç–≤–µ–¥–µ–Ω–∏—è –∏ –æ—á–∏—Å—Ç–∫–∏. 


**–ó–∞–¥–∞—á–∏ –ø—Ä–æ–µ–∫—Ç–∞:**

1. —Å–æ–∑–¥–∞–Ω–∏–µ –∏ —Ä–∞—Å–ø—Ä–µ–¥–µ–ª–µ–Ω–∏–µ —Ä–æ–ª–µ–π –≤ –∫–æ–º–∞–Ω–¥–µ
2. –≤—ã–±–æ—Ä —è–∑—ã–∫–∞ –ø—Ä–æ–≥—Ä–∞–º–º–∏—Ä–æ–≤–∞–Ω–∏—è 
3. –æ–ø—Ä–µ–¥–µ–ª–µ–Ω–∏–µ –≤—Ö–æ–¥–Ω—ã—Ö –∏ –≤—ã—Ö–æ–¥–Ω—ã—Ö –ø–∞—Ä–∞–º–µ—Ç—Ä–æ–≤
4. —Å–æ–∑–¥–∞–Ω–∏–µ –ø—Ä–æ–≥—Ä–∞–º–º–Ω–æ–≥–æ –æ–±–µ—Å–ø–µ—á–µ–Ω–∏—è –Ω–∞ –æ—Å–Ω–æ–≤–µ —Ä–∞—Å—á–µ—Ç–Ω–æ–≥–æ —Ñ–∞–π–ª–∞ —Å —Ñ–æ—Ä–º—É–ª–∞–º–∏


**–†–µ–∑—É–ª—å—Ç–∞—Ç –ø—Ä–æ–µ–∫—Ç–∞:**
–ü—Ä–æ–≥—Ä–∞–º–º–Ω–æ–µ –æ–±–µ—Å–ø–µ—á–µ–Ω–∏–µ, –ø–æ–∑–≤–æ–ª—è—é—â–µ–µ —Ä–∞—Å—Å—á–∏—Ç–∞—Ç—å –æ–±—ä–µ–º –ø–æ–≤–µ—Ä—Ö–Ω–æ—Å—Ç–Ω—ã—Ö –≤–æ–¥ –Ω–∞ –æ—Å–Ω–æ–≤–µ –∑–∞–¥–∞–Ω–Ω—ã—Ö —Ö–∞—Ä–∞–∫—Ç–µ—Ä–∏—Å—Ç–∏–∫ (–∫–æ–ª–∏—á–µ—Å—Ç–≤–∞ –≤–æ–¥–æ–Ω–µ–ø—Ä–æ–Ω–∏—Ü–∞–µ–º—ã—Ö –ø–æ–≤–µ—Ä—Ö–Ω–æ—Å—Ç–µ–π, –∫–ª–∏–º–∞—Ç–∏—á–µ—Å–∫–æ–π –∑–æ–Ω—ã –∏ —Ç.–¥), –æ–±—ä–µ–º —Å–æ–æ—Ä—É–∂–µ–Ω–∏–π –¥–ª—è –æ—á–∏—Å—Ç–∫–∏ –≤–æ–¥—ã 
","–ê–Ω–∞–ª–∏—Ç–∏–∫, Python Backend, –î–∏–∑–∞–π–Ω–µ—Ä, –¢–µ—Å—Ç–∏—Ä–æ–≤—â–∏–∫, DevOps"
